t,target,theta,err,tau
0.0,0.7853981633974483,0.0003,0.7853981633974483,3.0
0.005,0.7853981633974483,0.0008992528500022072,0.7850981633974483,3.0
0.01,0.7853981633974483,0.0017968661108409313,0.784498910547446,3.0
0.015,0.7853981633974483,0.002991802782804891,0.7836012972866073,3.0
0.02,0.7853981633974483,0.004482882104349162,0.7824063606146434,3.0
0.025,0.7853981633974483,0.006268780420942932,0.7809152812930991,3.0
0.030000000000000002,0.7853981633974483,0.008348032124245959,0.7791293829765054,3.0
0.035,0.7853981633974483,0.01071903066194508,0.7770501312732023,3.0
0.04,0.7853981633974483,0.013380029618711112,0.7746791327355032,3.0
0.045,0.7853981633974483,0.016329143868854756,0.7720181337787372,3.0
0.049999999999999996,0.7853981633974483,0.019564350801366686,0.7690690195285935,3.0
0.05499999999999999,0.7853981633974483,0.02308349161812078,0.7658338125960816,3.0
0.05999999999999999,0.7853981633974483,0.02688427270609948,0.7623146717793275,3.0
0.06499999999999999,0.7853981633974483,0.030964267084565723,0.7585138906913488,3.0
0.06999999999999999,0.7853981633974483,0.035320915928155935,0.7544338963128826,3.0
0.075,0.7853981633974483,0.03995153016690265,0.7500772474692924,3.0
0.08,0.7853981633974483,0.044853292164212466,0.7454466332305456,3.0
0.085,0.7853981633974483,0.05002325747382544,0.7405448712332359,3.0
0.09000000000000001,0.7853981633974483,0.05545835667676441,0.7353749059236229,3.0
0.09500000000000001,0.7853981633974483,0.06115539729924758,0.7299398067206839,3.0
0.10000000000000002,0.7853981633974483,0.06711106581248438,0.7242427660982007,3.0
0.10500000000000002,0.7853981633974483,0.07332192971520318,0.7182870975849639,3.0
0.11000000000000003,0.7853981633974483,0.07978443969967006,0.712076233682245,3.0
0.11500000000000003,0.7853981633974483,0.08649493190185027,0.7056137236977782,3.0
0.12000000000000004,0.7853981633974483,0.09344963023623945,0.698903231495598,3.0
0.12500000000000003,0.7853981633974483,0.10064464881574887,0.6919485331612089,3.0
0.13000000000000003,0.7853981633974483,0.10807599445687076,0.6847535145816994,3.0
0.13500000000000004,0.7853981633974483,0.11573956927017412,0.6773221689405775,3.0
0.14000000000000004,0.7853981633974483,0.12363117333599166,0.6696585941272741,3.0
0.14500000000000005,0.7853981633974483,0.13174650746495334,0.6617669900614567,3.0
0.15000000000000005,0.7853981633974483,0.14008117604280376,0.653651655932495,3.0
0.15500000000000005,0.7853981633974483,0.14863068995871026,0.6453169873546445,3.0
0.16000000000000006,0.7853981633974483,0.15739046961602585,0.6367674734387381,3.0
0.16500000000000006,0.7853981633974483,0.16635584802422002,0.6280076937814224,3.0
0.17000000000000007,0.7853981633974483,0.17552207397042893,0.6190423153732283,3.0
0.17500000000000007,0.7853981633974483,0.18488431526880952,0.6098760894270193,3.0
0.18000000000000008,0.7853981633974483,0.19443766208560764,0.6005138481286387,3.0
0.18500000000000008,0.7853981633974483,0.20417713033757354,0.5909605013118406,3.0
0.19000000000000009,0.7853981633974483,0.21409766516107734,0.5812210330598747,3.0
0.1950000000000001,0.7853981633974483,0.2241941444489963,0.571300498236371,3.0
0.2000000000000001,0.7853981633974483,0.2344613824521657,0.561204018948452,3.0
0.2050000000000001,0.7853981633974483,0.24489413344190772,0.5509367809452825,3.0
0.2100000000000001,0.7853981633974483,0.25548709542987935,0.5405040299555406,3.0
0.2150000000000001,0.7853981633974483,0.26623491394121385,0.5299110679675689,3.0
0.2200000000000001,0.7853981633974483,0.2771321858366702,0.5191632494562344,3.0
0.22500000000000012,0.7853981633974483,0.2881734631792565,0.5082659775607781,3.0
0.23000000000000012,0.7853981633974483,0.29935325714055344,0.49722470021819176,3.0
0.23500000000000013,0.7853981633974483,0.31066604194173875,0.48604490625689484,3.0
0.24000000000000013,0.7853981633974483,0.3221062588241022,0.47473212145570953,3.0
0.24500000000000013,0.7853981633974483,0.3336683200436442,0.46329190457334607,3.0
0.2500000000000001,0.7853981633974483,0.345346612884173,0.45172984335380406,3.0
0.2550000000000001,0.7853981633974483,0.3571355036831546,0.44005155051327527,3.0
0.2600000000000001,0.7853981633974483,0.36902934186442904,0.42826265971429367,3.0
0.2650000000000001,0.7853981633974483,0.38102246397178635,0.41636882153301924,3.0
0.27000000000000013,0.7853981633974483,0.3931091976972966,0.4043756994256619,3.0
0.27500000000000013,0.7853981633974483,0.4052838658982119,0.3922889657001517,3.0
0.28000000000000014,0.7853981633974483,0.4175407905962055,0.38011429749923636,3.0
0.28500000000000014,0.7853981633974483,0.42987429695268137,0.36785737280124275,3.0
0.29000000000000015,0.7853981633974483,0.4422787172138826,0.3555238664447669,3.0
0.29500000000000015,0.7853981633974483,0.45474839461954475,0.34311944618356566,3.0
0.30000000000000016,0.7853981633974483,0.46727768726887997,0.33064976877790353,3.0
0.30500000000000016,0.7853981633974483,0.47986097193774574,0.3181204761285683,3.0
0.31000000000000016,0.7853981633974483,0.49249264784093894,0.30553719145970254,3.0
0.31500000000000017,0.7853981633974483,0.5051549184961663,0.29290551555650934,2.87778162496446
0.3200000000000002,0.7853981633974483,0.5178229081806016,0.28024324490128194,2.6841761948919354
0.3250000000000002,0.7853981633974483,0.5304721164739771,0.26757525521684666,2.4934700661204694
0.3300000000000002,0.7853981633974483,0.5430784610424775,0.2549260469234712,2.3059857086470092
0.3350000000000002,0.7853981633974483,0.5556183187062884,0.2423197023549708,2.1220341871045125
0.3400000000000002,0.7853981633974483,0.5680685647281859,0.22977984469115986,1.9419147507100847
0.3450000000000002,0.7853981633974483,0.5804066102679708,0.21732959866926238,1.7659144574112398
0.3500000000000002,0.7853981633974483,0.5926104379550569,0.20499155312947748,1.5943078321679804
0.3550000000000002,0.7853981633974483,0.6046586355390505,0.19278772544239142,1.4273565591855395
0.3600000000000002,0.7853981633974483,0.616530427585652,0.18073952785839775,1.2653092077967323
0.3650000000000002,0.7853981633974483,0.6282057051926101,0.16886773581179626,1.1084009915847677
0.3700000000000002,0.7853981633974483,0.6396650537077084,0.15719245820483818,0.9568535602376069
0.3750000000000002,0.7853981633974483,0.6508897784378103,0.14573310968973985,0.8108748235343042
0.3800000000000002,0.7853981633974483,0.6618619283447825,0.13450838495963802,0.6706588067823513
0.38500000000000023,0.7853981633974483,0.6725643177306193,0.12353623505266575,0.5363855369533164
0.39000000000000024,0.7853981633974483,0.6829805459202515,0.11283384566682897,0.40822095870202224
0.39500000000000024,0.7853981633974483,0.6930950149563262,0.1024176174771968,0.2863168794020927
0.40000000000000024,0.7853981633974483,0.7028929453256437,0.09230314844112208,0.1708109422878641
0.40500000000000025,0.7853981633974483,0.7123603897419251,0.08250521807180455,0.061826626758962666
0.41000000000000025,0.7853981633974483,0.7214842450141381,0.07303777365552322,-0.04052672512091271
0.41500000000000026,0.7853981633974483,0.7302522620337221,0.06391391838331018,-0.13615385691591375
0.42000000000000026,0.7853981633974483,0.7386530539177141,0.05514590136372621,-0.22497352189417696
0.42500000000000027,0.7853981633974483,0.7466761023480032,0.046745109479734204,-0.3069183838830345
0.43000000000000027,0.7853981633974483,0.7543117621497143,0.03872206104944509,-0.381934895893023
0.4350000000000003,0.7853981633974483,0.7615512641540779,0.031086401247733986,-0.44998315748932005
0.4400000000000003,0.7853981633974483,0.7683867163930785,0.023846899243370356,-0.5110367518730811
0.4450000000000003,0.7853981633974483,0.7748111036747142,0.01701144700436974,-0.5650825636145228
0.4500000000000003,0.7853981633974483,0.780818285588871,0.010587059722734105,-0.6121205779552622
0.4550000000000003,0.7853981633974483,0.7864029929946335,0.004579877808577271,-0.652163662570157
0.4600000000000003,0.7853981633974483,0.7915608230403495,-0.001004829597185175,-0.6852373326492737
0.4650000000000003,0.7853981633974483,0.796288232767972,-0.0061626596429011915,-0.7113795001294334
0.4700000000000003,0.7853981633974483,0.8005825313531402,-0.010890069370523725,-0.7306402078725645
0.4750000000000003,0.7853981633974483,0.8044418710321658,-0.015184367955691891,-0.7430813495555556
0.4800000000000003,0.7853981633974483,0.8078652367665988,-0.01904370763471752,-0.7487763760038355
0.4850000000000003,0.7853981633974483,0.8108524346953743,-0.022467073369150548,-0.7478099886692228
0.4900000000000003,0.7853981633974483,0.8134040794237356,-0.02545427129792599,-0.7402778209219447
0.49500000000000033,0.7853981633974483,0.8155215801972096,-0.028005916026287325,-0.7262861077976759
0.5000000000000003,0.7853981633974483,0.8172071260079035,-0.03012341679976127,-0.7059513448132952
0.5050000000000003,0.7853981633974483,0.8184636696793401,-0.03180896261045518,-0.679399936440102
0.5100000000000003,0.7853981633974483,0.8192949109749565,-0.033065506281891865,-0.6467678348007796
0.5150000000000003,0.7853981633974483,0.8197052787743027,-0.03389674757750827,-0.6082001691365893
0.5200000000000004,0.7853981633974483,0.8196999123599025,-0.03430711537685438,-0.5638508665743521
0.5250000000000004,0.7853981633974483,0.8192846418567029,-0.03430174896245419,-0.5138822647087954
0.5300000000000004,0.7853981633974483,0.8184659678650587,-0.03388647845925463,-0.4584647165048779
0.5350000000000004,0.7853981633974483,0.8172510403272935,-0.03306780446761037,-0.39777618801684106
0.5400000000000004,0.7853981633974483,0.8156476366670612,-0.031852876929845175,-0.332001849415859
0.5450000000000004,0.7853981633974483,0.8136641392400065,-0.030249473269612914,-0.2613336598163254
0.5500000000000004,0.7853981633974483,0.8113095121336145,-0.02826597584255819,-0.18596994639179956
0.5550000000000004,0.7853981633974483,0.8085932773536423,-0.025911348736166184,-0.10611497827545524
0.5600000000000004,0.7853981633974483,0.8055254904341452,-0.023195113956194002,-0.02197853574625247
0.5650000000000004,0.7853981633974483,0.80211671550786,-0.02012732703669695,0.06622452478918955
0.5700000000000004,0.7853981633974483,0.7983779998735755,-0.016718552110411733,0.15827470949804695
0.5750000000000004,0.7853981633974483,0.7943208480971139,-0.012979836476127216,0.25394832897222847
0.5800000000000004,0.7853981633974483,0.7899571956826559,-0.008922684699665617,0.3530179426804066
0.5850000000000004,0.7853981633974483,0.7852993823513675,-0.004559032285207598,0.4552528054568512
0.5900000000000004,0.7853981633974483,0.7803601249646172,9.878104608074256e-05,0.5604193154458111
0.5950000000000004,0.7853981633974483,0.7751524901294962,0.005038038432831127,0.6682814629025157
0.6000000000000004,0.7853981633974483,0.7696898665248744,0.010245673267952116,0.7786012792338013
0.6050000000000004,0.7853981633974483,0.7639859369868068,0.015708296872573912,0.8911392856432262
0.6100000000000004,0.7853981633974483,0.7580546503927621,0.021412226410641444,1.0056549407277275
0.6150000000000004,0.7853981633974483,0.7519101933848396,0.027343513004686182,1.1219070863556588
0.6200000000000004,0.7853981633974483,0.7455669619728758,0.033487970012608725,1.2396543911398317
0.6250000000000004,0.7853981633974483,0.7390395330590881,0.03983120142457253,1.3586557908042503
0.6300000000000004,0.7853981633974483,0.732342635926656,0.046358630338360185,1.4786709247299266
0.6350000000000005,0.7853981633974483,0.7254911237353734,0.05305552747079223,1.5994605679537288
0.6400000000000005,0.7853981633974483,0.7184999450682098,0.05990703966207489,1.7207870578850422
0.6450000000000005,0.7853981633974483,0.7113841155732761,0.06689821832923848,1.8424147149982102
0.6500000000000005,0.7853981633974483,0.7041586897462794,0.0740140478241722,1.9641102567546305
0.6550000000000005,0.7853981633974483,0.6968387328990681,0.0812394736511689,2.0856432040071358
0.6600000000000005,0.7853981633974483,0.6894392933602856,0.08855943049838022,2.206786279141059
0.6650000000000005,0.7853981633974483,0.6819753749544654,0.09595887003716264,2.327315795211334
0.6700000000000005,0.7853981633974483,0.6744619098060903,0.10342278844298292,2.4470120353431786
0.6750000000000005,0.7853981633974483,0.6669137315152038,0.11093625359135795,2.5656596216753744
0.6800000000000005,0.7853981633974483,0.6593455487510756,0.11848443188224445,2.6830478731400493
0.6850000000000005,0.7853981633974483,0.6517719193101997,0.12605261464637263,2.7989711513909743
0.6900000000000005,0.7853981633974483,0.6442072246845124,0.13362624408724855,2.9132291942138315
0.6950000000000005,0.7853981633974483,0.6366630824415928,0.14119093871293587,3.0
0.7000000000000005,0.7853981633974483,0.6291424185842904,0.14873508095585553,3.0
0.7050000000000005,0.7853981633974483,0.6216481605488214,0.15625574481315785,3.0
0.7100000000000005,0.7853981633974483,0.6141832357127068,0.16375000284862684,3.0
0.7150000000000005,0.7853981633974483,0.6067505698835747,0.17121492768474145,3.0
0.7200000000000005,0.7853981633974483,0.599353085770369,0.1786475935138736,3.0
0.7250000000000005,0.7853981633974483,0.5919937014385482,0.18604507762707923,3.0
0.7300000000000005,0.7853981633974483,0.5846753287508872,0.19340446195890004,3.0
0.7350000000000005,0.7853981633974483,0.5774008717955317,0.20072283464656104,3.0
0.7400000000000005,0.7853981633974483,0.5701732253029763,0.2079972916019166,3.0
0.7450000000000006,0.7853981633974483,0.5629952730536641,0.21522493809447196,3.0
0.7500000000000006,0.7853981633974483,0.5558698862779218,0.22240289034378413,3.0
0.7550000000000006,0.7853981633974483,0.5487999220499613,0.2295282771195265,3.0
0.7600000000000006,0.7853981633974483,0.5417882216776915,0.23659824134748697,3.0
0.7650000000000006,0.7853981633974483,0.534837609090087,0.2436099417197568,3.0
0.7700000000000006,0.7853981633974483,0.5279508892238698,0.25056055430736124,3.0
0.7750000000000006,0.7853981633974483,0.5211308464112535,0.2574472741735785,3.0
0.7800000000000006,0.7853981633974483,0.5143802427705032,0.26426731698619477,3.0
0.7850000000000006,0.7853981633974483,0.5077018166010484,0.2710179206269451,3.0
0.7900000000000006,0.7853981633974483,0.5010982807848814,0.2776963467963999,3.0
0.7950000000000006,0.7853981633974483,0.4945723211959549,0.2842998826125669,3.0
0.8000000000000006,0.7853981633974483,0.4881265951192765,0.2908258422014934,3.0
0.8050000000000006,0.7853981633974483,0.48176372968137426,0.2972715682781718,3.0
0.8100000000000006,0.7853981633974483,0.47548632029378507,0.303634433716074,3.0
0.8150000000000006,0.7853981633974483,0.469296929111187,0.3099118431036632,3.0
0.8200000000000006,0.7853981633974483,0.4631980835057685,0.3161012342862613,3.0
0.8250000000000006,0.7853981633974483,0.4571922745593933,0.32220007989167976,3.0
0.8300000000000006,0.7853981633974483,0.45128195557508227,0.32820588883805496,3.0
0.8350000000000006,0.7853981633974483,0.4454695406092984,0.334116207822366,3.0
0.8400000000000006,0.7853981633974483,0.4397574030264775,0.3399286227881499,3.0
0.8450000000000006,0.7853981633974483,0.4341478740772067,0.3456407603709708,3.0
0.8500000000000006,0.7853981633974483,0.4286432415014081,0.3512502893202416,3.0
0.8550000000000006,0.7853981633974483,0.42324574815783855,0.3567549218960402,3.0
0.8600000000000007,0.7853981633974483,0.41795759068117033,0.3621524152396097,3.0
0.8650000000000007,0.7853981633974483,0.41278091816786816,0.36744057271627795,3.0
0.8700000000000007,0.7853981633974483,0.40771783089202895,0.3726172452295801,3.0
0.8750000000000007,0.7853981633974483,0.4027703790523005,0.3776803325054193,3.0
0.8800000000000007,0.7853981633974483,0.3979405615509443,0.38262778434514777,3.0
0.8850000000000007,0.7853981633974483,0.3932303248060565,0.38745760184650396,3.0
0.8900000000000007,0.7853981633974483,0.3886415615979091,0.39216783859139176,3.0
0.8950000000000007,0.7853981633974483,0.3841761099503224,0.3967566017995392,3.0
0.9000000000000007,0.7853981633974483,0.3798357520479282,0.40122205344712586,3.0
0.9050000000000007,0.7853981633974483,0.37562221319013067,0.4055624113495201,3.0
0.9100000000000007,0.7853981633974483,0.3715371607825235,0.4097759502073176,3.0
0.9150000000000007,0.7853981633974483,0.36758220336646863,0.41386100261492476,3.0
0.9200000000000007,0.7853981633974483,0.36375888968749454,0.41781596003097965,3.0
0.9250000000000007,0.7853981633974483,0.36006870780312245,0.42163927370995374,3.0
0.9300000000000007,0.7853981633974483,0.3565130842306806,0.42532945559432583,3.0
0.9350000000000007,0.7853981633974483,0.3530933831356205,0.42888507916676766,3.0
0.9400000000000007,0.7853981633974483,0.3498109055608026,0.4323047802618278,3.0
0.9450000000000007,0.7853981633974483,0.34666688869717555,0.4355872578366457,3.0
0.9500000000000007,0.7853981633974483,0.34366250519622865,0.43873127470027273,3.0
0.9550000000000007,0.7853981633974483,0.3407988625245555,0.4417356582012196,3.0
0.9600000000000007,0.7853981633974483,0.3380770023608273,0.4445993008728928,3.0
0.9650000000000007,0.7853981633974483,0.3354979000354333,0.447321161036621,3.0
0.9700000000000008,0.7853981633974483,0.33306246401301015,0.449900263362015,3.0
0.9750000000000008,0.7853981633974483,0.3307715354180437,0.45233569938443813,3.0
0.9800000000000008,0.7853981633974483,0.3286258876036935,0.45462662797940456,3.0
0.9850000000000008,0.7853981633974483,0.32662622576395556,0.4567722757937548,3.0
0.9900000000000008,0.7853981633974483,0.3247731865892481,0.4587719376334927,3.0
0.9950000000000008,0.7853981633974483,0.32306733796547266,0.4606249768082002,3.0
1.0000000000000007,0.7853981633974483,0.3215091787165754,0.4623308254319756,3.0
1.0050000000000006,0.7853981633974483,0.32009913839060405,0.46388898468087286,3.0
1.0100000000000005,0.7853981633974483,0.3188375770892288,0.4652990250068442,3.0
1.0150000000000003,0.7853981633974483,0.3177247853406713,0.4665605863082195,3.0
1.0200000000000002,0.7853981633974483,0.31676098401595915,0.467673378056777,3.0
1.0250000000000001,0.7853981633974483,0.3159463242884011,0.46863717938148913,3.0
1.03,0.7853981633974483,0.3152808876361543,0.4694518391090472,3.0
1.035,0.7853981633974483,0.3147646858877338,0.470117275761294,3.0
1.0399999999999998,0.7853981633974483,0.3143976613102921,0.47063347750971446,3.0
1.0449999999999997,0.7853981633974483,0.31417968674047736,0.47100050208715616,3.0
1.0499999999999996,0.7853981633974483,0.3141105657576569,0.4712184766569709,3.0
1.0549999999999995,0.7853981633974483,0.3141900328992748,0.4712875976397914,3.0
1.0599999999999994,0.7853981633974483,0.31441775391809124,0.4712081304981735,3.0
1.0649999999999993,0.7853981633974483,0.31479332608103366,0.47098040947935704,3.0
1.0699999999999992,0.7853981633974483,0.31531627850936905,0.4706048373164146,3.0
1.074999999999999,0.7853981633974483,0.3159860725598895,0.4700818848880792,3.0
1.079999999999999,0.7853981633974483,0.3168021022467824,0.4694120908375588,3.0
1.0849999999999989,0.7853981633974483,0.3177636947038393,0.4685960611506659,3.0
1.0899999999999987,0.7853981633974483,0.31887011068663557,0.467634468693609,3.0
1.0949999999999986,0.7853981633974483,0.32012054511429566,0.4665280527108127,3.0
1.0999999999999985,0.7853981633974483,0.32151412765043746,0.4652776182831526,3.0
1.1049999999999984,0.7853981633974483,0.3230499233228685,0.4638840357470108,3.0
1.1099999999999983,0.7853981633974483,0.3247269331815861,0.46234824007457975,3.0
1.1149999999999982,0.7853981633974483,0.32654409499461173,0.4606712302158622,3.0
1.119999999999998,0.7853981633974483,0.3285002839811682,0.45885406840283655,3.0
1.124999999999998,0.7853981633974483,0.3305943135816837,0.4568978794162801,3.0
1.129999999999998,0.7853981633974483,0.33282493626408516,0.4548038498157646,3.0
1.1349999999999978,0.7853981633974483,0.33519084436581803,0.4525732271333631,3.0
1.1399999999999977,0.7853981633974483,0.3376906709710044,0.45020731903163025,3.0
1.1449999999999976,0.7853981633974483,0.34032299082212625,0.44770749242644386,3.0
1.1499999999999975,0.7853981633974483,0.34308632126559396,0.44507517257532203,3.0
1.1549999999999974,0.7853981633974483,0.3459791232305333,0.4423118421318543,3.0
1.1599999999999973,0.7853981633974483,0.34899980224009597,0.43941904016691496,3.0
1.1649999999999971,0.7853981633974483,0.35214670945457066,0.4363983611573523,3.0
1.169999999999997,0.7853981633974483,0.35541814274554306,0.4332514539428776,3.0
1.174999999999997,0.7853981633974483,0.3588123478003229,0.4299800206519052,3.0
1.1799999999999968,0.7853981633974483,0.362327519255827,0.4265858155971254,3.0
1.1849999999999967,0.7853981633974483,0.36596180186107674,0.42307064414162127,3.0
1.1899999999999966,0.7853981633974483,0.3697132916674374,0.41943636153637154,3.0
1.1949999999999965,0.7853981633974483,0.373580037245697,0.4156848717300109,3.0
1.1999999999999964,0.7853981633974483,0.3775600409290502,0.4118181261517513,3.0
1.2049999999999963,0.7853981633974483,0.3816512600810225,0.40783812246839807,3.0
1.2099999999999962,0.7853981633974483,0.38585160838733934,0.40374690331642576,3.0
1.214999999999996,0.7853981633974483,0.39015895717071347,0.39954655501010894,3.0
1.219999999999996,0.7853981633974483,0.39457113672749433,0.3952392062267348,3.0
1.2249999999999959,0.7853981633974483,0.3990859376850929,0.39082702666995395,3.0
1.2299999999999958,0.7853981633974483,0.40370111237906586,0.3863122257123554,3.0
1.2349999999999957,0.7853981633974483,0.40841437624871607,0.3816970510183824,3.0
1.2399999999999956,0.7853981633974483,0.41322340925003587,0.3769837871487322,3.0
1.2449999999999954,0.7853981633974483,0.41812585728479584,0.3721747541474124,3.0
1.2499999999999953,0.7853981633974483,0.4231193336445542,0.36727230611265244,3.0
1.2549999999999952,0.7853981633974483,0.428201420468338,0.3622788297528941,3.0
1.2599999999999951,0.7853981633974483,0.4333696702127252,0.3571967429291103,3.0
1.264999999999995,0.7853981633974483,0.4386216071330339,0.35202849318472307,3.0
1.269999999999995,0.7853981633974483,0.44395472877430575,0.3467765562644144,3.0
1.2749999999999948,0.7853981633974483,0.4493665074707531,0.3414434346231425,3.0
1.2799999999999947,0.7853981633974483,0.4548543918523217,0.3360316559266952,3.0
1.2849999999999946,0.7853981633974483,0.4604158083570083,0.3305437715451266,3.0
1.2899999999999945,0.7853981633974483,0.46604816274755856,0.32498235504044,3.0
1.2949999999999944,0.7853981633974483,0.4717488416311625,0.3193500006498897,3.0
1.2999999999999943,0.7853981633974483,0.47751521398075514,0.3136493217662858,3.0
1.3049999999999942,0.7853981633974483,0.48334463265652694,0.30788294941669314,3.0
1.309999999999994,0.7853981633974483,0.48923443592624305,0.30205353074092134,3.0
1.314999999999994,0.7853981633974483,0.4951819489829729,0.29616372747120523,3.0
1.3199999999999938,0.7853981633974483,0.5011844854588317,0.29021621441447537,3.0
1.3249999999999937,0.7853981633974483,0.5072393489333409,0.2842136779386166,3.0
1.3299999999999936,0.7853981633974483,0.5133438344350234,0.2781588144641074,3.0
1.3349999999999935,0.7853981633974483,0.5194952299348566,0.2720543289624249,3.0
1.3399999999999934,0.7853981633974483,0.5256908178302228,0.26590293346259164,3.0
1.3449999999999933,0.7853981633974483,0.5319278764180088,0.2597073455672255,3.0
1.3499999999999932,0.7853981633974483,0.5382036813555277,0.2534702869794395,3.0
1.354999999999993,0.7853981633974483,0.544510989171766,0.24719448204192063,2.9548206381265483
1.359999999999993,0.7853981633974483,0.5508372465075891,0.2408871742256823,2.856430675436635
1.3649999999999929,0.7853981633974483,0.55717004951441,0.23456091688985914,2.7592628730491136
1.3699999999999928,0.7853981633974483,0.5634971657285707,0.22822811388303832,2.6634853474270797
1.3749999999999927,0.7853981633974483,0.5698065552310336,0.2219009976688776,2.5692610193338767
1.3799999999999926,0.7853981633974483,0.5760863910612468,0.21559160816641465,2.476747382200659
1.3849999999999925,0.7853981633974483,0.5823250788565714,0.20931177233620146,2.38609628541744
1.3899999999999924,0.7853981633974483,0.5885112756912009,0.2030730845408769,2.297453732674204
1.3949999999999922,0.7853981633974483,0.5946339080910498,0.1968868877062474,2.2109596954381705
1.3999999999999921,0.7853981633974483,0.6006821892036358,0.1907642553063985,2.1267479416141173
1.404999999999992,0.7853981633974483,0.606645635104513,0.18471597419381247,2.044945879396858
1.409999999999992,0.7853981633974483,0.6125140802243152,0.1787525282929353,1.965674416288766
1.4149999999999918,0.7853981633974483,0.6182776918829442,0.17288408317313309,1.8890478332207254
1.4199999999999917,0.7853981633974483,0.6239269839198577,0.16712047151450404,1.8151736736820743
1.4249999999999916,0.7853981633974483,0.6294528294117838,0.1614711794775906,1.7441526477342508
1.4299999999999915,0.7853981633974483,0.6348464724714982,0.15594533398566446,1.6760785507538247
1.4349999999999914,0.7853981633974483,0.6400995391235302,0.1505516909259501,1.6110381967235359
1.4399999999999913,0.7853981633974483,0.6452040472548324,0.14529862427391804,1.5491113658649285
1.4449999999999912,0.7853981633974483,0.6501524156405157,0.1401941161426159,1.4903707663829775
1.449999999999991,0.7853981633974483,0.6549374720467469,0.13524574775693254,1.4348820100719863
1.454999999999991,0.7853981633974483,0.659552460414797,0.13046069135070137,1.3827036015127785
1.4599999999999909,0.7853981633974483,0.663991047132033,0.1258457029826513,1.333886940573759
1.4649999999999908,0.7853981633974483,0.6682473263973475,0.12140711626541523,1.288476337912898
1.4699999999999906,0.7853981633974483,0.6723158246901242,0.11715083700010076,1.2465090431637806
1.4749999999999905,0.7853981633974483,0.6761915043533472,0.11308233870732409,1.208015285476661
1.4799999999999904,0.7853981633974483,0.6798697663028631,0.1092066590441011,1.1730183260747613
1.4849999999999903,0.7853981633974483,0.6833464518761184,0.10552839709458517,1.1415345224768665
1.4899999999999902,0.7853981633974483,0.6866178438349043,0.10205171152132986,1.1135734040293124
1.4949999999999901,0.7853981633974483,0.6896806665377627,0.09878031956254396,1.0891377583838493
1.49999999999999,0.7853981633974483,0.6925320852987338,0.09571749685968556,1.0682237285522749
1.50499999999999,0.7853981633974483,0.695169704950068,0.0928660780987145,1.0508209201641936
1.5099999999999898,0.7853981633974483,0.6975915676273845,0.09022845844738026,1.0369125185505879
1.5149999999999897,0.7853981633974483,0.6997961497965338,0.08780659577006378,1.0264754152729838
1.5199999999999896,0.7853981633974483,0.7017823585421332,0.08560201360091446,1.0194803437158046
1.5249999999999895,0.7853981633974483,0.7035495271383735,0.08361580485531506,1.0158920233577993
1.5299999999999894,0.7853981633974483,0.7050974099232697,0.08184863625907479,1.0156693123372889
1.5349999999999893,0.7853981633974483,0.7064261764980391,0.08030075347417853,1.0187653679251318
1.5399999999999892,0.7853981633974483,0.707536405273746,0.07897198689940921,1.0251278145188125
1.544999999999989,0.7853981633974483,0.7084290763877608,0.07786175812370233,1.0346989187707138
1.549999999999989,0.7853981633974483,0.7091055640129429,0.07696908700968752,1.0474157714635413
1.5549999999999888,0.7853981633974483,0.7095676280827792,0.07629259938450539,1.0632104757457292
1.5599999999999887,0.7853981633974483,0.7098174054559967,0.0758305353146691,1.0820103413396844
1.5649999999999886,0.7853981633974483,0.7098574005444243,0.07558075794145158,1.1037380843356677
1.5699999999999885,0.7853981633974483,0.7096904754281043,0.07554076285302402,1.1283120321840485
1.5749999999999884,0.7853981633974483,0.7093198394818615,0.07570768796934402,1.1556463334985538
1.5799999999999883,0.7853981633974483,0.7087490385377183,0.07607832391558678,1.1856511722829268
1.5849999999999882,0.7853981633974483,0.7079819436077109,0.07664912485972997,1.2182329861931351
1.589999999999988,0.7853981633974483,0.7070227391918137,0.07741621978973734,1.2532946884469411
1.594999999999988,0.7853981633974483,0.7058759111958116,0.07837542420563459,1.2907358929921946
1.5999999999999879,0.7853981633974483,0.7045462344840915,0.07952225220163667,1.3304531425447965
1.6049999999999878,0.7853981633974483,0.703038760092432,0.0808519289133568,1.3723401391067638
1.6099999999999877,0.7853981633974483,0.701358802125982,0.08235940330501623,1.41628797657438
1.6149999999999876,0.7853981633974483,0.6995119243677104,0.08403936127146627,1.4621853750459937
1.6199999999999875,0.7853981633974483,0.697503926622698,0.08588623902973791,1.5099189164386668
1.6249999999999873,0.7853981633974483,0.6953408308237201,0.08789423677475028,1.5593732810227379
1.6299999999999872,0.7853981633974483,0.6930288669236329,0.09005733257372817,1.6104314844832754
1.6349999999999871,0.7853981633974483,0.6905744586001362,0.09236929647381542,1.6629751151176966
1.639999999999987,0.7853981633974483,0.6879842087985251,0.09482370479731206,1.7168845707792746
1.644999999999987,0.7853981633974483,0.6852648851380727,0.09741395459892321,1.7720392951771817
1.6499999999999868,0.7853981633974483,0.6824234052077018,0.10013327825937557,1.8283180131449137
1.6549999999999867,0.7853981633974483,0.6794668217765945,0.10297475818974644,1.8855989644907
1.6599999999999866,0.7853981633974483,0.6764023079453666,0.10593134162085382,1.9437601360456984
1.6649999999999865,0.7853981633974483,0.6732371422633877,0.10899585545208168,2.0026794915285677
1.6699999999999864,0.7853981633974483,0.669978693837751,0.11216102113406057,2.0622351988483776
1.6749999999999863,0.7853981633974483,0.666634407459304,0.11541946955969729,2.122305854471871
1.6799999999999862,0.7853981633974483,0.6632117887710197,0.11876375593814426,2.1827707044858045
1.684999999999986,0.7853981633974483,0.6597183895038279,0.12218637462642856,2.2435098619905465
1.689999999999986,0.7853981633974483,0.6561617928048337,0.1256797738936204,2.3044045204673256
1.6949999999999859,0.7853981633974483,0.6525495986826191,0.1292363705926146,2.3653371627685242
1.6999999999999857,0.7853981633974483,0.6488894095940553,0.1328485647148292,2.426191765388186
1.7049999999999856,0.7853981633974483,0.6451888161967448,0.136508753803393,2.486853997678547
1.7099999999999855,0.7853981633974483,0.6414553832908626,0.14020934720070344,2.547211415687807
1.7149999999999854,0.7853981633974483,0.6376966359737712,0.14394278010658568,2.6071536503046566
1.7199999999999853,0.7853981633974483,0.6339200460303491,0.14770152742367704,2.666572589406113
1.7249999999999852,0.7853981633974483,0.6301330185814844,0.15147811736709915,2.725362553717143
1.729999999999985,0.7853981633974483,0.6263428790126627,0.15526514481596387,2.7834204661032196
1.734999999999985,0.7853981633974483,0.6225568602039974,0.15905528438478556,2.8406460140303853
1.739999999999985,0.7853981633974483,0.6187820900824321,0.16284130319345091,2.8969418049416085
1.7449999999999848,0.7853981633974483,0.6150255795161776,0.16661607331501616,2.952213514313072
1.7499999999999847,0.7853981633974483,0.6112935735681129,0.17037258388127063,3.0
1.7549999999999846,0.7853981633974483,0.6075875203131131,0.1741045898293354,3.0
1.7599999999999845,0.7853981633974483,0.6039088583991432,0.17781064308433514,3.0
1.7649999999999844,0.7853981633974483,0.6002590163837813,0.18148930499830507,3.0
1.7699999999999843,0.7853981633974483,0.596639412071685,0.18513914701366696,3.0
1.7749999999999841,0.7853981633974483,0.5930514518534948,0.18875875132576325,3.0
1.779999999999984,0.7853981633974483,0.5894965300466727,0.19234671154395344,3.0
1.784999999999984,0.7853981633974483,0.5859760282387764,0.1959016333507756,3.0
1.7899999999999838,0.7853981633974483,0.5824913146336709,0.1994221351586719,3.0
1.7949999999999837,0.7853981633974483,0.5790437434011779,0.2029068487637774,3.0
1.7999999999999836,0.7853981633974483,0.5756346540306668,0.20635441999627036,3.0
1.8049999999999835,0.7853981633974483,0.5722653706890865,0.20976350936678145,3.0
1.8099999999999834,0.7853981633974483,0.5689372015839386,0.21313279270836183,3.0
1.8149999999999833,0.7853981633974483,0.5656514383316898,0.2164609618135097,3.0
1.8199999999999832,0.7853981633974483,0.5624093553321166,0.21974672506575843,3.0
1.824999999999983,0.7853981633974483,0.5592122091490741,0.22298880806533172,3.0
1.829999999999983,0.7853981633974483,0.5560612378981773,0.22618595424837418,3.0
1.8349999999999829,0.7853981633974483,0.5529576606418748,0.22933692549927098,3.0
1.8399999999999828,0.7853981633974483,0.5499026767923939,0.23244050275557349,3.0
1.8449999999999827,0.7853981633974483,0.5468974655230272,0.23549548660505437,3.0
1.8499999999999825,0.7853981633974483,0.5439431851882255,0.23850069787442107,3.0
1.8549999999999824,0.7853981633974483,0.541040972752955,0.2414549782092228,3.0
1.8599999999999823,0.7853981633974483,0.5381919432317689,0.24435719064449324,3.0
1.8649999999999822,0.7853981633974483,0.5353971891380341,0.2472062201656794,3.0
1.8699999999999821,0.7853981633974483,0.5326577799437486,0.25000097425941414,3.0
1.874999999999982,0.7853981633974483,0.529974761550372,0.25274038345369965,3.0
1.879999999999982,0.7853981633974483,0.5273491557710854,0.25542340184707624,3.0
1.8849999999999818,0.7853981633974483,0.5247819598248847,0.25804900762636285,3.0
1.8899999999999817,0.7853981633974483,0.5222741458429029,0.26061620357256354,3.0
1.8949999999999816,0.7853981633974483,0.5198266603873444,0.2631240175545454,3.0
1.8999999999999815,0.7853981633974483,0.5174404239834053,0.2655715030101039,3.0
1.9049999999999814,0.7853981633974483,0.5151163306645403,0.267957739414043,3.0
1.9099999999999813,0.7853981633974483,0.5128552475314268,0.27028183273290796,3.0
1.9149999999999812,0.7853981633974483,0.5106580143249626,0.27254291586602153,3.0
1.919999999999981,0.7853981633974483,0.5085254430136255,0.2747401490724857,3.0
1.924999999999981,0.7853981633974483,0.5064583173955035,0.2768727203838228,3.0
1.9299999999999808,0.7853981633974483,0.504457392715301,0.27893984600194477,3.0
1.9349999999999807,0.7853981633974483,0.5025233952966031,0.2809407706821473,3.0
1.9399999999999806,0.7853981633974483,0.500657022189676,0.2828747681008452,3.0
1.9449999999999805,0.7853981633974483,0.4988589408350625,0.2847411412077723,3.0
1.9499999999999804,0.7853981633974483,0.49712978874321934,0.2865392225623858,3.0
1.9549999999999803,0.7853981633974483,0.4954701731904316,0.28826837465422894,3.0
1.9599999999999802,0.7853981633974483,0.49388067093122284,0.2899279902070167,3.0
1.96499999999998,0.7853981633974483,0.4923618279274677,0.29151749246622544,3.0
1.96999999999998,0.7853981633974483,0.4909141590943984,0.2930363354699806,3.0
1.9749999999999799,0.7853981633974483,0.48953814806368445,0.2944840043030499,3.0
1.9799999999999798,0.7853981633974483,0.4882342469637488,0.2958600153337638,3.0
1.9849999999999797,0.7853981633974483,0.48700287621747085,0.2971639164336995,3.0
1.9899999999999796,0.7853981633974483,0.4858444243574127,0.29839528717997743,3.0
1.9949999999999795,0.7853981633974483,0.48475924785868985,0.29955373904003557,3.0
1.9999999999999793,0.7853981633974483,0.48374767098959504,0.30063891553875843,3.0
2.0049999999999795,0.7853981633974483,0.4828099856800684,0.30165049240785324,3.0
2.0099999999999794,0.7853981633974483,0.48194645140809395,0.3025881777173799,3.0
2.0149999999999793,0.7853981633974483,0.481157295104088,0.30345171198935433,3.0
2.019999999999979,0.7853981633974483,0.4804427110733311,0.3042408682933603,3.0
2.024999999999979,0.7853981633974483,0.4798028609364817,0.3049554523241172,3.0
2.029999999999979,0.7853981633974483,0.4792378735881952,0.30559530246096656,3.0
2.034999999999979,0.7853981633974483,0.478747845173858,0.3061602898092531,3.0
2.0399999999999787,0.7853981633974483,0.47833283908443425,0.3066503182235903,3.0
2.0449999999999786,0.7853981633974483,0.4779928859694066,0.30706532431301403,3.0
2.0499999999999785,0.7853981633974483,0.477727983767781,0.3074052774280417,3.0
2.0549999999999784,0.7853981633974483,0.4775380977571108,0.3076701796296673,3.0
2.0599999999999783,0.7853981633974483,0.4774231606204831,0.30786006564033747,3.0
2.064999999999978,0.7853981633974483,0.47738307253139534,0.30797500277696516,3.0
2.069999999999978,0.7853981633974483,0.4774177012564388,0.30801509086605294,3.0
2.074999999999978,0.7853981633974483,0.4775268822756917,0.3079804621410095,3.0
2.079999999999978,0.7853981633974483,0.4777104189207115,0.3078712811217566,3.0
2.0849999999999778,0.7853981633974483,0.47796808253000345,0.3076877444767368,3.0
2.0899999999999777,0.7853981633974483,0.4782996126218299,0.30743008086744483,3.0
2.0949999999999775,0.7853981633974483,0.478704717084212,0.3070985507756184,3.0
2.0999999999999774,0.7853981633974483,0.47918307238196284,0.3066934463132363,3.0
2.1049999999999773,0.7853981633974483,0.4797343237805798,0.30621509101548544,3.0
2.1099999999999772,0.7853981633974483,0.48035808558680976,0.3056638396168685,3.0
2.114999999999977,0.7853981633974483,0.4810539414056914,0.3050400778106385,3.0
2.119999999999977,0.7853981633974483,0.4818214444138644,0.30434422199175687,3.0
2.124999999999977,0.7853981633974483,0.48266011764892525,0.3035767189835839,3.0
2.129999999999977,0.7853981633974483,0.48356945431459825,0.30273804574852303,3.0
2.1349999999999767,0.7853981633974483,0.4845489181014763,0.30182870908285003,3.0
2.1399999999999766,0.7853981633974483,0.48559794352307895,0.30084924529597196,3.0
2.1449999999999765,0.7853981633974483,0.4867159362669599,0.29980021987436933,3.0
2.1499999999999764,0.7853981633974483,0.48790227356058935,0.29868222713048836,3.0
2.1549999999999763,0.7853981633974483,0.4891563045517223,0.29749588983685893,3.0
2.159999999999976,0.7853981633974483,0.4904773507029573,0.29624185884572596,3.0
2.164999999999976,0.7853981633974483,0.49186470620017575,0.294920812694491,3.0
2.169999999999976,0.7853981633974483,0.49331763837454684,0.29353345719727253,3.0
2.174999999999976,0.7853981633974483,0.49483538813776856,0.29208052502290144,3.0
2.1799999999999757,0.7853981633974483,0.4964171704302097,0.2905627752596797,3.0
2.1849999999999756,0.7853981633974483,0.4980621746816067,0.28898099296723856,3.0
2.1899999999999755,0.7853981633974483,0.49976956528396,0.2873359887158416,3.0
2.1949999999999754,0.7853981633974483,0.5015384820762679,0.2856285981134883,3.0
2.1999999999999753,0.7853981633974483,0.5033680408407252,0.28385968132118033,3.0
2.204999999999975,0.7853981633974483,0.5052573338100074,0.2820301225567231,3.0
2.209999999999975,0.7853981633974483,0.5072054301852534,0.2801408295874409,3.0
2.214999999999975,0.7853981633974483,0.5092113766643525,0.27819273321219484,3.0
2.219999999999975,0.7853981633974483,0.5112741979801315,0.2761867867330958,3.0
2.2249999999999748,0.7853981633974483,0.5133928974480383,0.27412396541731676,3.0
2.2299999999999747,0.7853981633974483,0.5155664575229021,0.27200526594941,3.0
2.2349999999999746,0.7853981633974483,0.5177938403643534,0.2698317058745462,3.0
2.2399999999999745,0.7853981633974483,0.5200739884104765,0.2676043230330949,3.0
2.2449999999999743,0.7853981633974483,0.5224058249592626,0.2653241749869718,3.0
2.2499999999999742,0.7853981633974483,0.524788254757429,0.2629923384381857,3.0
2.254999999999974,0.7853981633974483,0.5272201645961629,0.2606099086400193,3.0
2.259999999999974,0.7853981633974483,0.5297004239133473,0.25817799880128534,3.0
2.264999999999974,0.7853981633974483,0.5322278854018185,0.255697739484101,3.0
2.269999999999974,0.7853981633974483,0.5348013856232099,0.25317027799562974,3.0
2.2749999999999737,0.7853981633974483,0.5374197456269231,0.2505967777742384,3.0
2.2799999999999736,0.7853981633974483,0.5400817715737768,0.2479784177705252,3.0
2.2849999999999735,0.7853981633974483,0.5427862553638736,0.2453163918236715,3.0
2.2899999999999734,0.7853981633974483,0.5455319752682284,0.24261190803357469,3.0
2.2949999999999733,0.7853981633974483,0.548317696563701,0.2398661881292199,3.0
2.299999999999973,0.7853981633974483,0.5511421721707734,0.23708046683374728,3.0
2.304999999999973,0.7853981633974483,0.554004143293716,0.23425599122667484,3.0
2.309999999999973,0.7853981633974483,0.5569023400626839,0.23139402010373233,3.0
2.314999999999973,0.7853981633974483,0.5598354821772912,0.22849582333476437,3.0
2.3199999999999728,0.7853981633974483,0.5628022795512064,0.2255626812201571,3.0
2.3249999999999726,0.7853981633974483,0.5657997252146045,0.22259588384624185,2.9829225728237976
2.3299999999999725,0.7853981633974483,0.568821651619521,0.21959843818284375,2.9342830931348796
2.3349999999999724,0.7853981633974483,0.5718619330880055,0.21657651177792725,2.8860165080789244
2.3399999999999723,0.7853981633974483,0.5749144970109574,0.2135362303094428,2.838209678423511
2.344999999999972,0.7853981633974483,0.5779733347697799,0.21048366638649085,2.790947325043123
2.349999999999972,0.7853981633974483,0.5810325123635988,0.20742482862766842,2.744311898356332
2.354999999999972,0.7853981633974483,0.5840861807257557,0.20436565103384952,2.698383454249478
2.359999999999972,0.7853981633974483,0.5871285857142513,0.2013119826716926,2.6532395366165633
2.364999999999972,0.7853981633974483,0.5901540777618041,0.19826957768319697,2.608955066628487
2.3699999999999717,0.7853981633974483,0.5931571211721854,0.19524408563564422,2.565602238828327
2.3749999999999716,0.7853981633974483,0.5961323030504948,0.19224104222526284,2.523250424133179
2.3799999999999715,0.7853981633974483,0.5990743418560472,0.18926586034695347,2.481966079807183
2.3849999999999714,0.7853981633974483,0.6019780955675544,0.18632382154140104,2.4418126664547186
2.3899999999999713,0.7853981633974483,0.6048385694512847,0.18342006782989384,2.4028505720675506
2.394999999999971,0.7853981633974483,0.607650923423893,0.1805595939461636,2.365137043144823
2.399999999999971,0.7853981633974483,0.6104104790026031,0.17774723997355524,2.3287261228903247
2.404999999999971,0.7853981633974483,0.61311272583641,0.17498768439484513,2.29366859647746
2.409999999999971,0.7853981633974483,0.6157533278129423,0.1722854375610383,2.2600119433587587
2.4149999999999707,0.7853981633974483,0.618328128736584,0.16964483558450594,2.2278002965836983
2.4199999999999706,0.7853981633974483,0.6208331575743895,0.16707003466086423,2.197074409075964
2.4249999999999705,0.7853981633974483,0.6232646332672561,0.16456500582305877,2.167871626809233
2.4299999999999704,0.7853981633974483,0.6256189691047137,0.16213353013019216,2.140225868808895
2.4349999999999703,0.7853981633974483,0.6278927766625733,0.15977919429273457,2.1141676138961083
2.43999999999997,0.7853981633974483,0.6300828693035324,0.15750538673487502,2.0897238940799823
2.44499999999997,0.7853981633974483,0.6321862652416687,0.15531529409391587,2.066918294493636
2.44999999999997,0.7853981633974483,0.6342001901725556,0.15321189815577962,2.0457709597603464
2.45499999999997,0.7853981633974483,0.63612207947152,0.1511979732248927,2.026298606666959
2.4599999999999698,0.7853981633974483,0.6379495799633088,0.14927608392592828,2.0085145430131925
2.4649999999999697,0.7853981633974483,0.6396805512671607,0.14744858343413947,1.9924286924974401
2.4699999999999696,0.7853981633974483,0.6413130667219761,0.14571761213028755,1.9780476254920834
2.4749999999999694,0.7853981633974483,0.6428454138969454,0.1440850966754722,1.9653745955542392
2.4799999999999693,0.7853981633974483,0.6442760946936399,0.1425527495005029,1.9544095815112235
2.4849999999999692,0.7853981633974483,0.6456038250461782,0.1411220687038084,1.9451493349537914
2.489999999999969,0.7853981633974483,0.6468275342266694,0.1397943383512701,1.9375874329644514
2.494999999999969,0.7853981633974483,0.6479463637636859,0.1385706291707789,1.9317143359027436
2.499999999999969,0.7853981633974483,0.6489596659820512,0.13745179963376242,1.9275174500644614
2.504999999999969,0.7853981633974483,0.6498670021727264,0.13643849741539704,1.9249811950271163
2.5099999999999687,0.7853981633974483,0.6506681404020532,0.13553116122472186,1.9240870754898078
2.5149999999999686,0.7853981633974483,0.6513630529700607,0.13473002299539505,1.924813757411711
2.5199999999999685,0.7853981633974483,0.6519519135279622,0.13403511042738758,1.9271371482499167
2.5249999999999684,0.7853981633974483,0.6524350938653665,0.13344624986948606,1.9310304810941101
2.5299999999999683,0.7853981633974483,0.6528131603780972,0.1329630695320818,1.936464402492724
2.534999999999968,0.7853981633974483,0.6530868702278642,0.13258500301935106,1.9434070637625749
2.539999999999968,0.7853981633974483,0.6532571672053485,0.13231129316958412,1.951824215571734
2.544999999999968,0.7853981633974483,0.6533251773085701,0.13214099619209974,1.9616793055833723
2.549999999999968,0.7853981633974483,0.6532922040486767,0.13207298608887819,1.972933578946585
2.5549999999999677,0.7853981633974483,0.6531597234955553,0.13210595934877156,1.985546181418773
2.5599999999999676,0.7853981633974483,0.6529293790758949,0.132238439901893,1.9994742649029649
2.5649999999999675,0.7853981633974483,0.6526029761365468,0.1324687843215534,2.0146730951825558
2.5699999999999674,0.7853981633974483,0.6521824762862181,0.13279518726090145,2.03109616163529
2.5749999999999673,0.7853981633974483,0.6516699915287044,0.13321568711123022,2.048695288707911
2.579999999999967,0.7853981633974483,0.6510677782010239,0.13372817186874386,2.0674207489328005
2.584999999999967,0.7853981633974483,0.6503782307299403,0.13433038519642437,2.08722137726803
2.589999999999967,0.7853981633974483,0.6496038752204798,0.135019932667508,2.108044686542662
2.594999999999967,0.7853981633974483,0.6487473628901379,0.13579428817696848,2.129836983789782
2.599999999999967,0.7853981633974483,0.6478114633625445,0.13665080050731038,2.152543487250679
2.6049999999999667,0.7853981633974483,0.6467990578344128,0.1375867000349038,2.17610844383477
2.6099999999999666,0.7853981633974483,0.6457131321296324,0.13859910556303545,2.2004752468213358
2.6149999999999665,0.7853981633974483,0.644556769654383,0.13968503126781584,2.2255865535908788
2.6199999999999664,0.7853981633974483,0.6433331442671436,0.14084139374306526,2.251384403175908
2.6249999999999662,0.7853981633974483,0.6420455130774522,0.14206501913030467,2.2778103334232993
2.629999999999966,0.7853981633974483,0.6406972091872289,0.1433526503199961,2.3048054975629153
2.634999999999966,0.7853981633974483,0.6392916343884189,0.14470095421021933,2.332310779980081
2.639999999999966,0.7853981633974483,0.6378322518306301,0.14610652900902943,2.360266910992659
2.644999999999966,0.7853981633974483,0.6363225786723494,0.1475659115668182,2.388614580436919
2.6499999999999657,0.7853981633974483,0.6347661787291966,0.14907558472509885,2.417294549870163
2.6549999999999656,0.7853981633974483,0.6331666551325477,0.15063198466825167,2.446247763202113
2.6599999999999655,0.7853981633974483,0.6315276430116995,0.15223150826490062,2.4754154555713836
2.6649999999999654,0.7853981633974483,0.6298528022125754,0.15387052038574878,2.504739260288017
2.6699999999999653,0.7853981633974483,0.6281458100657782,0.15554536118487283,2.5341613136679824
2.674999999999965,0.7853981633974483,0.6264103542165832,0.1572523533316701,2.5636243575907236
2.679999999999965,0.7853981633974483,0.6246501255292353,0.15898780918086508,2.5930718396163686
2.684999999999965,0.7853981633974483,0.6228688110776588,0.160748037868213,2.6224480105049457
2.689999999999965,0.7853981633974483,0.6210700872344247,0.1625293523197895,2.651698018986019
2.6949999999999648,0.7853981633974483,0.6192576128695275,0.16432807616302358,2.680768003633442
2.6999999999999647,0.7853981633974483,0.6174350226702202,0.16614055052792076,2.709605181706471
2.7049999999999645,0.7853981633974483,0.61560592059283,0.16796314072722807,2.7381579348253013
2.7099999999999644,0.7853981633974483,0.6137738734571371,0.16979224280461824,2.7663758913560983
2.7149999999999643,0.7853981633974483,0.6119424046935371,0.1716242899403112,2.7942100053878285
2.7199999999999642,0.7853981633974483,0.6101149882528355,0.17345575870391117,2.8216126321906683
2.724999999999964,0.7853981633974483,0.6082950426881263,0.17528317514461278,2.848537600053389
2.729999999999964,0.7853981633974483,0.606485925417804,0.177103120709322,2.8749402784049316
2.734999999999964,0.7853981633974483,0.604690927178332,0.17891223797964428,2.9007776421333435
2.739999999999964,0.7853981633974483,0.6029132666749571,0.18070723621911633,2.9260083320233936
2.7449999999999637,0.7853981633974483,0.6011560854381098,0.18248489672249113,2.9505927112423422
2.7499999999999636,0.7853981633974483,0.5994224428927653,0.18424207795933845,2.9744929178117534
2.7549999999999635,0.7853981633974483,0.5977153116475717,0.18597572050468303,2.997672913011595
2.7599999999999634,0.7853981633974483,0.5960355631574977,0.18768285174987653,3.0
2.7649999999999633,0.7853981633974483,0.5943838241149769,0.18936260023995055,3.0
2.769999999999963,0.7853981633974483,0.5927607093534936,0.19101433928247136,3.0
2.774999999999963,0.7853981633974483,0.591166821581172,0.19263745404395471,3.0
2.779999999999963,0.7853981633974483,0.5896027511195906,0.19423134181627633,3.0
2.784999999999963,0.7853981633974483,0.5880690756479916,0.19579541227785768,3.0
2.7899999999999627,0.7853981633974483,0.5865663599530503,0.19732908774945668,3.0
2.7949999999999626,0.7853981633974483,0.5850951556843692,0.198831803444398,3.0
2.7999999999999625,0.7853981633974483,0.583656001115855,0.20030300771307907,3.0
2.8049999999999624,0.7853981633974483,0.5822494209131349,0.20174216228159325,3.0
2.8099999999999623,0.7853981633974483,0.5808759259071647,0.20314874248431336,3.0
2.814999999999962,0.7853981633974483,0.5795360128741769,0.20452223749028353,3.0
2.819999999999962,0.7853981633974483,0.5782301643221118,0.2058621505232714,3.0
2.824999999999962,0.7853981633974483,0.5769588482836747,0.20716799907533645,3.0
2.829999999999962,0.7853981633974483,0.5757225181161512,0.20843931511377356,3.0
2.8349999999999618,0.7853981633974483,0.5745216123081144,0.20967564528129712,3.0
2.8399999999999617,0.7853981633974483,0.5733565542931507,0.2108765510893339,3.0
2.8449999999999616,0.7853981633974483,0.5722277522707246,0.2120416091042976,3.0
2.8499999999999615,0.7853981633974483,0.5711355990343013,0.21317041112672364,3.0
2.8549999999999613,0.7853981633974483,0.5700804718068387,0.21426256436314695,3.0
2.8599999999999612,0.7853981633974483,0.569062732083756,0.21531769159060954,3.0
2.864999999999961,0.7853981633974483,0.5680827254834818,0.21633543131369226,3.0
2.869999999999961,0.7853981633974483,0.5671407816056779,0.21731543791396646,3.0
2.874999999999961,0.7853981633974483,0.5662372138972308,0.21825738179177034,3.0
2.879999999999961,0.7853981633974483,0.5653723195260971,0.21916094950021747,3.0
2.8849999999999607,0.7853981633974483,0.5645463792630844,0.22002584387135116,3.0
2.8899999999999606,0.7853981633974483,0.5637596573716419,0.2208517841343639,3.0
2.8949999999999605,0.7853981633974483,0.5630124015057314,0.22163850602580637,3.0
2.8999999999999604,0.7853981633974483,0.5623048426158427,0.22238576189171688,3.0
2.9049999999999603,0.7853981633974483,0.5616371948632116,0.2230933207816056,3.0
2.90999999999996,0.7853981633974483,0.5610096555422938,0.22376096853423666,3.0
2.91499999999996,0.7853981633974483,0.5604224050115411,0.22438850785515452,3.0
2.91999999999996,0.7853981633974483,0.5598756066325222,0.22497575838590722,3.0
2.92499999999996,0.7853981633974483,0.5593694067174224,0.22552255676492605,3.0
2.9299999999999597,0.7853981633974483,0.5589039344849519,0.22602875668002587,3.0
2.9349999999999596,0.7853981633974483,0.5584793020246874,0.22649422891249638,3.0
2.9399999999999595,0.7853981633974483,0.5580956042698639,0.22691886137276085,3.0
2.9449999999999594,0.7853981633974483,0.5577529189786292,0.22730255912758435,3.0
2.9499999999999593,0.7853981633974483,0.5574513067237665,0.22764524441881906,3.0
2.954999999999959,0.7853981633974483,0.5571908108908861,0.22794685667368175,3.0
2.959999999999959,0.7853981633974483,0.5569714576850802,0.2282073525065622,3.0
2.964999999999959,0.7853981633974483,0.5567932561460296,0.22842670571236812,3.0
2.969999999999959,0.7853981633974483,0.556656198171544,0.2286049072514187,3.0
2.974999999999959,0.7853981633974483,0.5565602585495141,0.2287419652259043,3.0
2.9799999999999587,0.7853981633974483,0.5565053949982457,0.2288379048479342,3.0
2.9849999999999586,0.7853981633974483,0.5564915482151412,0.22889276839920258,3.0
2.9899999999999585,0.7853981633974483,0.5565186419336889,0.22890661518230704,3.0
2.9949999999999584,0.7853981633974483,0.5565865829887126,0.22887952146375934,3.0
2.9999999999999583,0.7853981633974483,0.5566952613898313,0.22881158040873573,3.0
3.004999999999958,0.7853981633974483,0.5568445504030718,0.228702902007617,3.0
3.009999999999958,0.7853981633974483,0.5570343066405695,0.2285536129943765,3.0
3.014999999999958,0.7853981633974483,0.5572643701582922,0.22836385675687876,3.0
3.019999999999958,0.7853981633974483,0.5575345645617111,0.22813379323915606,3.0
3.0249999999999577,0.7853981633974483,0.5578446971193416,0.22786359883573715,3.0
3.0299999999999576,0.7853981633974483,0.5581945588840685,0.2275534662781067,3.0
3.0349999999999575,0.7853981633974483,0.5585839248221687,0.22720360451337973,3.0
3.0399999999999574,0.7853981633974483,0.559012553949934,0.2268142385752796,3.0
3.0449999999999573,0.7853981633974483,0.5594801894777985,0.2263856094475143,3.0
3.049999999999957,0.7853981633974483,0.5599865589618634,0.22591797391964974,3.0
3.054999999999957,0.7853981633974483,0.5605313744627118,0.22541160443558483,3.0
3.059999999999957,0.7853981633974483,0.5611143327114003,0.22486678893473644,3.0
3.064999999999957,0.7853981633974483,0.5617351152825086,0.22428383068604796,3.0
3.0699999999999568,0.7853981633974483,0.5623933887741253,0.22366304811493964,3.0
3.0749999999999567,0.7853981633974483,0.5630888049946418,0.22300477462332302,3.0
3.0799999999999566,0.7853981633974483,0.5638210011562248,0.22230935840280652,3.0
3.0849999999999564,0.7853981633974483,0.5645896000748313,0.22157716224122348,3.0
3.0899999999999563,0.7853981633974483,0.5653942103766265,0.220808563322617,3.0
3.0949999999999562,0.7853981633974483,0.5662344267106628,0.22000395302082176,3.0
3.099999999999956,0.7853981633974483,0.5671098299676719,0.21916373668678546,3.0
3.104999999999956,0.7853981633974483,0.5680199875048204,0.21828833342977638,3.0
3.109999999999956,0.7853981633974483,0.5689644533762751,0.21737817589262787,3.0
3.114999999999956,0.7853981633974483,0.5699427685694202,0.21643371002117318,3.0
3.1199999999999557,0.7853981633974483,0.5709544612465666,0.2154553948280281,3.0
3.1249999999999556,0.7853981633974483,0.5719990469919907,0.2144437021508817,3.0
3.1299999999999555,0.7853981633974483,0.5730760290641345,0.2133991164054576,3.0
3.1349999999999554,0.7853981633974483,0.5741848986528008,0.21232213433331382,3.0
3.1399999999999553,0.7853981633974483,0.5753251351411693,0.21121326474464752,3.0
3.144999999999955,0.7853981633974483,0.5764962063724625,0.21007302825627894,3.0
3.149999999999955,0.7853981633974483,0.5776968690018441,0.20890195702498582,2.9930008076196124
3.154999999999955,0.7853981633974483,0.5789244142070439,0.20770129439560414,2.971439900408259
3.159999999999955,0.7853981633974483,0.580176120114205,0.2064737491904044,2.949800813232096
3.1649999999999547,0.7853981633974483,0.5814492572073351,0.20522204328324323,2.928125940389302
3.1699999999999546,0.7853981633974483,0.5827410936735592,0.2039489061901132,2.9064571416760927
3.1749999999999545,0.7853981633974483,0.5840489006746766,0.20265706972388908,2.8848356699114417
3.1799999999999544,0.7853981633974483,0.5853699575358194,0.20134926272277165,2.863302100707488
3.1849999999999543,0.7853981633974483,0.586701556842332,0.20002820586162884,2.8418962645873007
3.189999999999954,0.7853981633974483,0.5880410094363184,0.19869660655511623,2.820657181545233
3.194999999999954,0.7853981633974483,0.5893856493046459,0.19735715396112985,2.7996229981385854
3.199999999999954,0.7853981633974483,0.590732838350547,0.1960125140928024,2.7788309271927476
3.204999999999954,0.7853981633974483,0.5920799710413244,0.19466532504690126,2.7583171901953802
3.209999999999954,0.7853981633974483,0.593424478925032,0.1933181923561239,2.7381169624485744
3.2149999999999537,0.7853981633974483,0.5947638350093892,0.19197368447241625,2.7182643210413273
3.2199999999999536,0.7853981633974483,0.5960955579965662,0.19063432838805905,2.6987921956980174
3.2249999999999535,0.7853981633974483,0.5974172163678728,0.18930260540088206,2.6797323225519927
3.2299999999999534,0.7853981633974483,0.5987264323127781,0.18798094702957546,2.661115200886846
3.2349999999999532,0.7853981633974483,0.6000208854970887,0.18667173108467017,2.6429700528814157
3.239999999999953,0.7853981633974483,0.6012983166655139,0.18537727790035963,2.6253247863881337
3.244999999999953,0.7853981633974483,0.6025565310742541,0.18409984673193436,2.608205960767989
3.249999999999953,0.7853981633974483,0.603793401749649,0.18284163232319417,2.591638755799085
3.254999999999953,0.7853981633974483,0.6050068725693307,0.18160476164779926,2.575646943669605
3.2599999999999527,0.7853981633974483,0.60619496116273,0.18039129082811756,2.5602528640599544
3.2649999999999526,0.7853981633974483,0.6073557616281843,0.1792032022347183,2.545477402312858
3.2699999999999525,0.7853981633974483,0.6084874470642982,0.178042401769264,2.5313399706844404
3.2749999999999524,0.7853981633974483,0.6095882719136018,0.17691071633315003,2.517858492663573
3.2799999999999523,0.7853981633974483,0.6106565741169436,0.17580989148384651,2.505049390341275
3.284999999999952,0.7853981633974483,0.6116907770774455,0.17474158928050465,2.4929275748065503
3.289999999999952,0.7853981633974483,0.6126893914332234,0.17370738632000282,2.481506439539818
3.294999999999952,0.7853981633974483,0.6136510166384593,0.17270877196422485,2.4707978567700097
3.299999999999952,0.7853981633974483,0.6145743423527733,0.17174714675898894,2.4608121767565203
3.3049999999999518,0.7853981633974483,0.6154581496392114,0.17082382104467497,2.451558229952444
3.3099999999999516,0.7853981633974483,0.6163013119715153,0.16994001375823686,2.4430433320009843
3.3149999999999515,0.7853981633974483,0.6171027960516882,0.169096851425933,2.4352732915125266
3.3199999999999514,0.7853981633974483,0.6178616624392068,0.16829536734576012,2.4282524205656535
3.3249999999999513,0.7853981633974483,0.6185770659935591,0.16753650095824146,2.421983547871386
3.329999999999951,0.7853981633974483,0.6192482561321052,0.16682109740388917,2.41646803453606
3.334999999999951,0.7853981633974483,0.6198745769055689,0.16614990726534307,2.4117057923546077
3.339999999999951,0.7853981633974483,0.6204554668937652,0.16552358649187937,2.4076953045625484
3.344999999999951,0.7853981633974483,0.6209904589244597,0.1649426965036831,2.404433648971694
3.349999999999951,0.7853981633974483,0.6214791796185325,0.16440770447298858,2.40191652341149
3.3549999999999507,0.7853981633974483,0.6219213487648875,0.16391898377891578,2.4001382733950005
3.3599999999999506,0.7853981633974483,0.6223167785288044,0.1634768146325608,2.3990919219258138
3.3649999999999505,0.7853981633974483,0.622665372497677,0.16308138486864387,2.398769201359623
3.3699999999999504,0.7853981633974483,0.6229671245683132,0.16273279089977133,2.399160587231869
3.3749999999999503,0.7853981633974483,0.6232221176801993,0.16243103882913512,2.400255333960688
3.37999999999995,0.7853981633974483,0.6234305223993384,0.16217604571724897,2.402041512332394
3.38499999999995,0.7853981633974483,0.6235925953574739,0.1619676409981099,2.4045060486749614
3.38999999999995,0.7853981633974483,0.6237086775517005,0.16180556803997437,2.407634765623346
3.39499999999995,0.7853981633974483,0.6237791925096355,0.16168948584574783,2.4114124243790336
3.3999999999999497,0.7853981633974483,0.623804644325496,0.16161897088781274,2.4158227683649844
3.4049999999999496,0.7853981633974483,0.6237856155725727,0.1615935190719523,2.420848568176031
3.4099999999999495,0.7853981633974483,0.6237227650977406,0.16161254782487555,2.4264716677239244
3.4149999999999494,0.7853981633974483,0.6236168257037694,0.16167539829970767,2.432673031475476
3.4199999999999493,0.7853981633974483,0.6234686017253216,0.16178133769367886,2.4394327926817225
3.424999999999949,0.7853981633974483,0.6232789665046262,0.1619295616721267,2.4467303024956406
3.429999999999949,0.7853981633974483,0.6230488597729172,0.16211919689282206,2.4545441798757697
3.434999999999949,0.7853981633974483,0.6227792849438039,0.16234930362453104,2.462852362173041
3.439999999999949,0.7853981633974483,0.6224713063248154,0.16261887845364442,2.471632156298276
3.4449999999999488,0.7853981633974483,0.6221260462534227,0.16292685707263288,2.480860290368102
3.4499999999999487,0.7853981633974483,0.6217446821638855,0.16327211714402556,2.4905129657275076
3.4549999999999486,0.7853981633974483,0.6213284435913156,0.16365348123356283,2.500565909247913
3.4599999999999485,0.7853981633974483,0.6208786091193703,0.16406971980613272,2.510994425800382
3.4649999999999483,0.7853981633974483,0.6203965032780063,0.16451955427807796,2.5217734508045986
3.4699999999999482,0.7853981633974483,0.6198834933977282,0.16500166011944195,2.5328776027553053
3.474999999999948,0.7853981633974483,0.6193409864267599,0.1655146699997201,2.544281235629177
3.479999999999948,0.7853981633974483,0.6187704257175497,0.16605717697068834,2.555958491076517
3.484999999999948,0.7853981633974483,0.6181732877889898,0.16662773767989858,2.567883350303707
3.489999999999948,0.7853981633974483,0.6175510790706957,0.16722487560845845,2.5800296855540616
3.4949999999999477,0.7853981633974483,0.6169053326356383,0.16784708432675255,2.5923713110965765
3.4999999999999476,0.7853981633974483,0.6162376049273645,0.16849283076181,2.6048820336340417
3.5049999999999475,0.7853981633974483,0.6155494724879722,0.16916055847008382,2.6175357020441172
3.5099999999999474,0.7853981633974483,0.6148425286929263,0.16984869090947607,2.6303062563692055
3.5149999999999473,0.7853981633974483,0.6141183804987119,0.17055563470452195,2.6431677759733354
3.519999999999947,0.7853981633974483,0.6133786452092256,0.17127978289873635,2.6560945267867764
3.524999999999947,0.7853981633974483,0.6126249472666953,0.1720195181882227,2.669061007561699
3.529999999999947,0.7853981633974483,0.6118589150728029,0.17277321613075303,2.68204199506494
3.534999999999947,0.7853981633974483,0.6110821778455603,0.1735392483246454,2.695012588136764
3.5399999999999467,0.7853981633974483,0.6102963625173522,0.174315985551888,2.7079482505474255
3.5449999999999466,0.7853981633974483,0.6095030906794195,0.17510180088009608,2.720824852586416
3.5499999999999465,0.7853981633974483,0.6087039755779063,0.17589507271802873,2.7336187113223547
3.5549999999999464,0.7853981633974483,0.607900619166434,0.17669418781954194,2.7463066294747187
3.5599999999999463,0.7853981633974483,0.6070946092200029,0.17749754423101427,2.7588659328418994
3.564999999999946,0.7853981633974483,0.6062875165148486,0.17830355417744537,2.77127450623341
3.569999999999946,0.7853981633974483,0.6054808920787002,0.1791106468825997,2.7835108278575147
3.574999999999946,0.7853981633974483,0.6046762645157046,0.17991727131874813,2.7955540021190393
3.579999999999946,0.7853981633974483,0.6038751374100881,0.18072189888174373,2.8073837907856336
3.584999999999946,0.7853981633974483,0.6030789868124306,0.18152302598736014,2.8189806424843717
3.5899999999999457,0.7853981633974483,0.6022892588122237,0.18231917658501773,2.830325720494171
3.5949999999999456,0.7853981633974483,0.6015073672001822,0.18310890458522455,2.8414009288031847
3.5999999999999455,0.7853981633974483,0.6007346912235596,0.18389079619726612,2.8521889364039827
3.6049999999999454,0.7853981633974483,0.5999725734375123,0.18466347217388868,2.862673199803037
3.6099999999999453,0.7853981633974483,0.5992223176553299,0.18542558995993597,2.8728379837247093
3.614999999999945,0.7853981633974483,0.5984851870001326,0.18617584574211843,2.8826683799936768
3.619999999999945,0.7853981633974483,0.5977624020604131,0.18691297639731563,2.892150324583395
3.624999999999945,0.7853981633974483,0.5970551391515669,0.1876357613370352,2.9012706128218735
3.629999999999945,0.7853981633974483,0.5963645286853373,0.18834302424588134,2.9100169127497524
3.6349999999999447,0.7853981633974483,0.5956916536488608,0.189033634712111,2.918377776629222
3.6399999999999446,0.7853981633974483,0.5950375481947775,0.1897065097485875,2.926342650605996
3.6449999999999445,0.7853981633974483,0.594403196343634,0.19036061520267078,2.933901882530061
3.6499999999999444,0.7853981633974483,0.5937895307995793,0.19099496705381425,2.941046727944431
3.6549999999999443,0.7853981633974483,0.5931974318801219,0.19160863259786898,2.9477693542546044
3.659999999999944,0.7853981633974483,0.5926277265604897,0.19220073151732642,2.954062843094784
3.664999999999944,0.7853981633974483,0.5920811876329043,0.1927704368369586,2.959921190910236
3.669999999999944,0.7853981633974483,0.5915585329808567,0.19331697576454399,2.9653393077784096
3.674999999999944,0.7853981633974483,0.5910604249682491,0.19383963041659158,2.9703130144945895
3.6799999999999438,0.7853981633974483,0.5905874699430451,0.1943377384291992,2.974839037950907
3.6849999999999437,0.7853981633974483,0.5901402178548553,0.19481069345440316,2.978915004840526
3.6899999999999435,0.7853981633974483,0.5897191619856692,0.19525794554259301,2.9825394337216817
3.6949999999999434,0.7853981633974483,0.5893247387927385,0.19567900141177907,2.9857117254790184
3.6999999999999433,0.7853981633974483,0.5889573278624073,0.19607342460470978,2.988432152222331
3.7049999999999432,0.7853981633974483,0.588617251973488,0.196440835535041,2.9907018446653595
3.709999999999943,0.7853981633974483,0.5883047772685849,0.19678091142396026,2.992522778029717
3.714999999999943,0.7853981633974483,0.5880201135315775,0.1970933861288634,2.9938977565213305
3.719999999999943,0.7853981633974483,0.5877634145692938,0.19737804986587082,2.994830396428952
3.724999999999943,0.7853981633974483,0.587534778695224,0.19763474882815446,2.995325107896357
3.7299999999999427,0.7853981633974483,0.5873342493129546,0.1978633847022243,2.995387075421753
3.7349999999999426,0.7853981633974483,0.5871618155968414,0.19806391408449364,2.995022237139728
3.7399999999999425,0.7853981633974483,0.5870174132672772,0.19823634780060684,2.9942372629426885
3.7449999999999424,0.7853981633974483,0.5869009254577658,0.1983807501301711,2.993039531500274
3.7499999999999423,0.7853981633974483,0.5868121836708685,0.19849723793968244,2.991437106236596
3.754999999999942,0.7853981633974483,0.5867509688199538,0.19858597972657976,2.989438710326379
3.759999999999942,0.7853981633974483,0.5867170123535583,0.19864719457749447,2.987053700772184
3.764999999999942,0.7853981633974483,0.5867099974590435,0.19868115104388995,2.984292041625812
3.769999999999942,0.7853981633974483,0.5867295603421263,0.19868816593840477,2.9811642764178456
3.7749999999999417,0.7853981633974483,0.5867752915787574,0.19866860305532197,2.9776814998598873
3.7799999999999416,0.7853981633974483,0.5868467375357284,0.19862287181869087,2.973855328884634
3.7849999999999415,0.7853981633974483,0.5869434018563046,0.19855142586171992,2.969697873089287
3.7899999999999414,0.7853981633974483,0.5870647470071029,0.19845476154114372,2.9652217046480183
3.7949999999999413,0.7853981633974483,0.5872101958823676,0.1983334163903454,2.960439827759378
3.799999999999941,0.7853981633974483,0.5873791334617366,0.19818796751508072,2.9553656476944417
3.804999999999941,0.7853981633974483,0.5875709085175428,0.19801902993571163,2.9500129395113857
3.809999999999941,0.7853981633974483,0.5877848353676507,0.1978272548799055,2.9443958165018453
3.814999999999941,0.7853981633974483,0.5880201956697995,0.19761332802979759,2.9385286984340127
3.8199999999999408,0.7853981633974483,0.5882762402533945,0.19737796772764882,2.932426279656886
3.8249999999999407,0.7853981633974483,0.588552190984679,0.19712192314405375,2.9261034971294015
3.8299999999999406,0.7853981633974483,0.5888472426612053,0.19684597241276924,2.9195754984374047
3.8349999999999405,0.7853981633974483,0.5891605649315297,0.19655092073624303,2.912857609860504
3.8399999999999403,0.7853981633974483,0.5894913042360633,0.1962375984659186,2.905965304549849
3.8449999999999402,0.7853981633974483,0.5898385857650263,0.19590685916138495,2.8989141708767407
3.84999999999994,0.7853981633974483,0.5902015154294818,0.19555957763242193,2.891719881010767
3.85499999999994,0.7853981633974483,0.5905791818414557,0.19519664796796643,2.884398159784832
3.85999999999994,0.7853981633974483,0.5909706582991904,0.19481898155599253,2.8769647539030134
3.86499999999994,0.7853981633974483,0.5913750047736271,0.1944275050982579,2.8694354015457106
3.8699999999999397,0.7853981633974483,0.5917912698922684,0.19402315862382113,2.8618258024249097
3.8749999999999396,0.7853981633974483,0.5922184929166304,0.1936068935051799,2.854151588340752
3.8799999999999395,0.7853981633974483,0.5926557057095674,0.19317967048081786,2.846428294288823
3.8849999999999394,0.7853981633974483,0.5931019346888208,0.1927424576878809,2.838671330165775
3.8899999999999393,0.7853981633974483,0.5935562027632303,0.1922962287086275,2.8308959531189997
3.894999999999939,0.7853981633974483,0.5940175312481274,0.191841960634218,2.8231172405841303
3.899999999999939,0.7853981633974483,0.5944849417565271,0.19138063214932088,2.8153500640521556
3.904999999999939,0.7853981633974483,0.5949574580628278,0.19091322164092117,2.8076090636058555
3.909999999999939,0.7853981633974483,0.5954341079358353,0.19044070533462043,2.799908623263217
3.9149999999999388,0.7853981633974483,0.5959139249380299,0.189964055461613,2.7922628471633044
3.9199999999999386,0.7853981633974483,0.5963959501881116,0.18948423845941842,2.784685536627927
3.9249999999999385,0.7853981633974483,0.5968792340839704,0.18900221320933663,2.7771901681302325
3.9299999999999384,0.7853981633974483,0.5973628379833481,0.1885189293134779,2.769789872199123
3.9349999999999383,0.7853981633974483,0.5978458358395855,0.18803532541410017,2.762497413286174
3.939999999999938,0.7853981633974483,0.5983273157899678,0.18755232755786277,2.7553251706194475
3.944999999999938,0.7853981633974483,0.5988063816943151,0.1870708476074805,2.7482851200663356
3.949999999999938,0.7853981633974483,0.5992821546215951,0.18659178170313317,2.741388817025319
3.954999999999938,0.7853981633974483,0.5997537742824665,0.18611600877585321,2.734647380364202
3.959999999999938,0.7853981633974483,0.6002204004058003,0.18564438911498182,2.72807147742016
3.9649999999999377,0.7853981633974483,0.6006812140573609,0.185177762991648,2.721671310074661
3.9699999999999376,0.7853981633974483,0.6011354188989677,0.18471694934008742,2.715456601914047
3.9749999999999375,0.7853981633974483,0.6015822423865997,0.18426274449848057,2.7094365864843835
3.9799999999999374,0.7853981633974483,0.6020209369060409,0.18381592101084854,2.7036199966468906
3.9849999999999373,0.7853981633974483,0.60245078084481,0.18337722649140742,2.6980150550381836
3.989999999999937,0.7853981633974483,0.6028710795992562,0.18294738255263832,2.692629465637285
3.994999999999937,0.7853981633974483,0.6032811665158428,0.18252708379819205,2.6874704064393233
3.999999999999937,0.7853981633974483,0.6036804037657812,0.18211699688160543,2.6825445232336884
