t,ref_pos,x_lqr_pos,x_lqr_vel,u_lqr,x_mpc_pos,x_mpc_vel,u_mpc
0.0000,0.00000,0.49500,-0.20000,-4.00000,0.49500,-0.20000,-4.00000
0.0500,0.01999,0.48033,-0.38694,-3.73882,0.48029,-0.38856,-3.77128
0.1000,0.03996,0.45861,-0.48188,-1.89879,0.45844,-0.48518,-1.93224
0.1500,0.05986,0.43379,-0.51067,-0.57575,0.43342,-0.51561,-0.60863
0.2000,0.07966,0.40869,-0.49362,0.34098,0.40803,-0.50012,0.30979
0.2500,0.09933,0.38518,-0.44645,0.94337,0.38417,-0.45439,0.91462
0.3000,0.11885,0.36449,-0.38111,1.30687,0.36305,-0.39034,1.28102
0.3500,0.13818,0.34730,-0.30648,1.49262,0.34537,-0.31684,1.46989
0.4000,0.15728,0.33392,-0.22900,1.54946,0.33144,-0.24034,1.52994
0.4500,0.17614,0.32436,-0.15321,1.51592,0.32130,-0.16537,1.49955
0.5000,0.19471,0.31848,-0.08211,1.42193,0.31479,-0.09494,1.40858
0.5500,0.21297,0.31599,-0.01760,1.29031,0.31164,-0.03095,1.27979
0.6000,0.23089,0.31653,0.03931,1.13814,0.31151,0.02556,1.13022
0.6500,0.24844,0.31972,0.08821,0.97788,0.31400,0.07418,0.97234
0.7000,0.26559,0.32515,0.12912,0.81835,0.31873,0.11493,0.81495
0.7500,0.28232,0.33244,0.16240,0.66552,0.32531,0.14813,0.66404
0.8000,0.29860,0.34121,0.18856,0.52321,0.33337,0.17430,0.52342
0.8500,0.31440,0.35113,0.20824,0.39358,0.34258,0.19406,0.39528
0.9000,0.32969,0.36189,0.22212,0.27760,0.35263,0.20809,0.28061
0.9500,0.34446,0.37322,0.23089,0.17538,0.36326,0.21707,0.17954
1.0000,0.35868,0.38487,0.23521,0.08645,0.37423,0.22165,0.09162
1.0500,0.37232,0.39664,0.23571,0.00996,0.38533,0.22245,0.01601
1.1000,0.38537,0.40836,0.23295,-0.05515,0.39639,0.22004,-0.04833
1.1500,0.39780,0.41987,0.22745,-0.11006,0.40727,0.21491,-0.10256
1.2000,0.40960,0.43105,0.21965,-0.15597,0.41783,0.20752,-0.14786
1.2500,0.42074,0.44179,0.20995,-0.19404,0.42797,0.19825,-0.18540
1.3000,0.43120,0.45200,0.19868,-0.22537,0.43761,0.18743,-0.21625
1.3500,0.44098,0.46162,0.18613,-0.25095,0.44668,0.17536,-0.24140
1.4000,0.45005,0.47059,0.17255,-0.27167,0.45512,0.16228,-0.26174
1.4500,0.45840,0.47886,0.15813,-0.28833,0.46289,0.14837,-0.27804
1.5000,0.46602,0.48639,0.14305,-0.30159,0.46994,0.13382,-0.29099
1.5500,0.47289,0.49315,0.12745,-0.31205,0.47626,0.11877,-0.30116
1.6000,0.47901,0.49912,0.11144,-0.32018,0.48181,0.10332,-0.30902
1.6500,0.48436,0.50428,0.09512,-0.32640,0.48658,0.08757,-0.31499
1.7000,0.48893,0.50863,0.07857,-0.33103,0.49056,0.07160,-0.31940
1.7500,0.49272,0.51214,0.06185,-0.33434,0.49374,0.05547,-0.32251
1.8000,0.49573,0.51481,0.04502,-0.33654,0.49611,0.03924,-0.32453
1.8500,0.49794,0.51664,0.02813,-0.33782,0.49766,0.02296,-0.32564
1.9000,0.49936,0.51762,0.01122,-0.33829,0.49840,0.00666,-0.32596
1.9500,0.49997,0.51776,-0.00568,-0.33806,0.49833,-0.00962,-0.32560
2.0000,0.49979,0.51705,-0.02254,-0.33720,0.49744,-0.02585,-0.32463
2.0500,0.49880,0.51551,-0.03933,-0.33577,0.49575,-0.04200,-0.32311
2.1000,0.49702,0.51312,-0.05602,-0.33382,0.49324,-0.05806,-0.32108
2.1500,0.49444,0.50991,-0.07259,-0.33137,0.48994,-0.07399,-0.31858
2.2000,0.49108,0.50587,-0.08901,-0.32843,0.48585,-0.08977,-0.31561
2.2500,0.48692,0.50101,-0.10527,-0.32503,0.48097,-0.10538,-0.31219
2.3000,0.48199,0.49535,-0.12132,-0.32118,0.47532,-0.12079,-0.30834
2.3500,0.47629,0.48888,-0.13717,-0.31687,0.46890,-0.13599,-0.30405
2.4000,0.46982,0.48163,-0.15277,-0.31212,0.46172,-0.15096,-0.29934
2.4500,0.46261,0.47361,-0.16812,-0.30692,0.45381,-0.16567,-0.29421
2.5000,0.45465,0.46483,-0.18318,-0.30129,0.44516,-0.18010,-0.28865
2.5500,0.44596,0.45530,-0.19795,-0.29522,0.43580,-0.19424,-0.28268
2.6000,0.43657,0.44504,-0.21238,-0.28871,0.42575,-0.20805,-0.27629
2.6500,0.42647,0.43407,-0.22647,-0.28178,0.41501,-0.22153,-0.26950
2.7000,0.41569,0.42241,-0.24019,-0.27442,0.40360,-0.23464,-0.26230
2.7500,0.40425,0.41006,-0.25352,-0.26665,0.39155,-0.24738,-0.25471
2.8000,0.39216,0.39706,-0.26645,-0.25847,0.37888,-0.25971,-0.24672
2.8500,0.37944,0.38343,-0.27894,-0.24989,0.36559,-0.27163,-0.23837
2.9000,0.36612,0.36918,-0.29099,-0.24093,0.35172,-0.28311,-0.22964
2.9500,0.35221,0.35434,-0.30257,-0.23160,0.33729,-0.29414,-0.22055
3.0000,0.33773,0.33894,-0.31366,-0.22190,0.32232,-0.30470,-0.21112
3.0500,0.32272,0.32299,-0.32426,-0.21185,0.30683,-0.31477,-0.20136
3.1000,0.30719,0.30652,-0.33433,-0.20147,0.29086,-0.32433,-0.19128
3.1500,0.29117,0.28957,-0.34387,-0.19077,0.27441,-0.33338,-0.18090
3.2000,0.27468,0.27215,-0.35285,-0.17976,0.25753,-0.34189,-0.17023
3.2500,0.25775,0.25430,-0.36128,-0.16847,0.24024,-0.34985,-0.15930
3.3000,0.24041,0.23604,-0.36912,-0.15692,0.22256,-0.35726,-0.14810
3.3500,0.22269,0.21740,-0.37638,-0.14511,0.20453,-0.36409,-0.13668
3.4000,0.20461,0.19841,-0.38303,-0.13307,0.18617,-0.37034,-0.12503
3.4500,0.18620,0.17911,-0.38907,-0.12082,0.16751,-0.37600,-0.11318
3.5000,0.16749,0.15952,-0.39449,-0.10837,0.14858,-0.38106,-0.10116
3.5500,0.14852,0.13968,-0.39928,-0.09575,0.12942,-0.38551,-0.08897
3.6000,0.12931,0.11961,-0.40343,-0.08298,0.11005,-0.38934,-0.07663
3.6500,0.10989,0.09935,-0.40693,-0.07007,0.09050,-0.39255,-0.06418
3.7000,0.09030,0.07893,-0.40979,-0.05706,0.07081,-0.39513,-0.05162
3.7500,0.07056,0.05839,-0.41198,-0.04395,0.05100,-0.39708,-0.03898
3.8000,0.05071,0.03775,-0.41352,-0.03077,0.03111,-0.39839,-0.02628
3.8500,0.03078,0.01705,-0.41440,-0.01754,0.01118,-0.39907,-0.01353
3.9000,0.01080,-0.00367,-0.41461,-0.00428,-0.00878,-0.39911,-0.00076
3.9500,-0.00920,-0.02439,-0.41416,0.00899,-0.02872,-0.39851,0.01200
4.0000,-0.02919,-0.04507,-0.41305,0.02224,-0.04861,-0.39727,0.02475
4.0500,-0.04912,-0.06568,-0.41128,0.03545,-0.06772,-0.36694,0.60667
4.1000,-0.06898,-0.08618,-0.40885,0.04861,-0.08509,-0.32791,0.78054
4.1500,-0.08873,-0.10655,-0.40576,0.06169,-0.10085,-0.30264,0.50530
4.2000,-0.10834,-0.12674,-0.40203,0.07467,-0.11526,-0.27380,0.57696
4.2500,-0.12777,-0.14674,-0.39765,0.08754,-0.12810,-0.23966,0.68275
4.3000,-0.14700,-0.16649,-0.39264,0.10026,-0.13906,-0.19869,0.81938
4.3500,-0.16599,-0.18598,-0.38700,0.11282,-0.14696,-0.11756,1.62257
4.4000,-0.18472,-0.20518,-0.38074,0.12520,-0.15167,-0.07051,0.94096
4.4500,-0.20315,-0.22404,-0.37387,0.13739,-0.15368,-0.01018,1.20671
4.5000,-0.22126,-0.24255,-0.36640,0.14935,-0.15235,0.06360,1.47546
4.5500,-0.23901,-0.26067,-0.35835,0.16107,-0.14699,0.15064,1.74098
4.6000,-0.25638,-0.27837,-0.34972,0.17254,-0.13536,0.31448,3.27665
4.6500,-0.27335,-0.29563,-0.34053,0.18373,-0.11744,0.40226,1.75577
4.7000,-0.28987,-0.31241,-0.33080,0.19462,-0.09477,0.50482,2.05104
4.7500,-0.30593,-0.32869,-0.32054,0.20521,-0.06671,0.61736,2.25091
4.8000,-0.32150,-0.34445,-0.30977,0.21546,-0.03117,0.80438,3.74041
4.8500,-0.33656,-0.35966,-0.29850,0.22537,0.01273,0.95178,2.94786
4.9000,-0.35107,-0.37429,-0.28676,0.23493,0.06165,1.00491,1.06275
4.9500,-0.36503,-0.38832,-0.27455,0.24410,0.11271,1.03723,0.64634
5.0000,-0.37840,-0.40173,-0.26191,0.25289,0.16431,1.02686,-0.20733
5.0500,0.60883,-0.40983,-0.06191,4.00000,0.21427,0.97157,-1.10595
5.1000,0.59669,-0.40792,0.13809,4.00000,0.26077,0.88866,-1.65821
5.1500,0.58520,-0.39602,0.33809,4.00000,0.30277,0.79104,-1.95223
5.2000,0.57436,-0.37411,0.53809,4.00000,0.33975,0.68812,-2.05857
5.2500,0.56421,-0.34221,0.73809,4.00000,0.37161,0.58647,-2.03290
5.3000,0.55476,-0.30031,0.93809,4.00000,0.39854,0.49055,-1.91849
5.3500,0.54602,-0.24840,1.13809,4.00000,0.42088,0.40312,-1.74845
5.4000,0.53800,-0.18650,1.33809,4.00000,0.43910,0.32575,-1.54755
5.4500,0.53072,-0.11740,1.42566,1.75130,0.45372,0.25905,-1.33392
5.5000,0.52420,-0.04611,1.42618,0.01037,0.46527,0.20303,-1.12044
5.5500,0.51843,0.02375,1.36823,-1.15902,0.47428,0.15724,-0.91586
5.6000,0.51344,0.08980,1.27363,-1.89189,0.48123,0.12095,-0.72577
5.6500,0.50922,0.15061,1.15873,-2.29802,0.48659,0.09328,-0.55341
5.7000,0.50579,0.20546,1.03546,-2.46547,0.49075,0.07326,-0.40025
5.7500,0.50315,0.25416,0.91226,-2.46393,0.49408,0.05994,-0.26655
5.8000,0.50131,0.29684,0.79487,-2.34775,0.49689,0.05235,-0.15167
5.8500,0.50026,0.33388,0.68694,-2.15858,0.49944,0.04963,-0.05445
5.9000,0.50001,0.36582,0.59056,-1.92777,0.50195,0.05096,0.02663
5.9500,0.50057,0.39325,0.50664,-1.67834,0.50462,0.05562,0.09323
6.0000,0.50192,0.41680,0.43530,-1.42674,0.50758,0.06298,0.14707
6.0500,0.50407,0.43708,0.37609,-1.18424,0.51097,0.07247,0.18980
6.1000,0.50701,0.45469,0.32818,-0.95814,0.51487,0.08362,0.22300
6.1500,0.51074,0.47016,0.29054,-0.75276,0.51936,0.09602,0.24812
6.2000,0.51525,0.48397,0.26203,-0.57019,0.52450,0.10934,0.26644
6.2500,0.52054,0.49656,0.24149,-0.41094,0.53031,0.12330,0.27910
6.3000,0.52659,0.50829,0.22777,-0.27439,0.53684,0.13766,0.28710
6.3500,0.53341,0.51948,0.21981,-0.15922,0.54408,0.15222,0.29129
6.4000,0.54096,0.53039,0.21662,-0.06368,0.55206,0.16684,0.29237
6.4500,0.54926,0.54124,0.21733,0.01424,0.56076,0.18139,0.29095
6.5000,0.55827,0.55220,0.22116,0.07659,0.57019,0.19576,0.28752
6.5500,0.56799,0.56342,0.22743,0.12540,0.58033,0.20989,0.28249
6.6000,0.57841,0.57499,0.23556,0.16259,0.59117,0.22370,0.27617
6.6500,0.58949,0.58701,0.24506,0.18993,0.60270,0.23714,0.26883
6.7000,0.60124,0.59952,0.25551,0.20901,0.61488,0.25017,0.26067
6.7500,0.61362,0.61257,0.26657,0.22124,0.62770,0.26276,0.25186
6.8000,0.62662,0.62619,0.27796,0.22785,0.64114,0.27489,0.24252
6.8500,0.64021,0.64037,0.28946,0.22990,0.65518,0.28653,0.23274
6.9000,0.65439,0.65513,0.30087,0.22827,0.66978,0.29766,0.22259
6.9500,0.66911,0.67045,0.31206,0.22371,0.68493,0.30826,0.21213
7.0000,0.68437,0.68633,0.32290,0.21685,0.70060,0.31833,0.20140
7.0500,0.70013,0.70273,0.33331,0.20819,0.71675,0.32785,0.19044
7.1000,0.71637,0.71965,0.34322,0.19814,0.73337,0.33682,0.17925
7.1500,0.73306,0.73704,0.35257,0.18703,0.75042,0.34521,0.16787
7.2000,0.75018,0.75489,0.36132,0.17512,0.76787,0.35303,0.15631
7.2500,0.76770,0.77316,0.36946,0.16262,0.78571,0.36025,0.14457
7.3000,0.78559,0.79182,0.37694,0.14968,0.80388,0.36689,0.13268
7.3500,0.80382,0.81084,0.38376,0.13643,0.82238,0.37292,0.12063
7.4000,0.82237,0.83018,0.38991,0.12297,0.84116,0.37834,0.10845
7.4500,0.84121,0.84981,0.39538,0.10935,0.86020,0.38315,0.09615
7.5000,0.86029,0.86970,0.40016,0.09564,0.87946,0.38734,0.08373
7.5500,0.87960,0.88981,0.40425,0.08188,0.89892,0.39090,0.07121
7.6000,0.89910,0.91011,0.40766,0.06809,0.91853,0.39383,0.05861
7.6500,0.91877,0.93056,0.41037,0.05430,0.93828,0.39612,0.04594
7.7000,0.93856,0.95113,0.41240,0.04052,0.95813,0.39779,0.03321
7.7500,0.95846,0.97178,0.41374,0.02678,0.97805,0.39881,0.02044
7.8000,0.97841,0.99248,0.41439,0.01309,0.99800,0.39919,0.00766
7.8500,0.99841,1.01320,0.41436,-0.00055,1.01795,0.39893,-0.00513
7.9000,1.01840,1.03390,0.41366,-0.01412,1.03787,0.39804,-0.01791
7.9500,1.03837,1.05455,0.41228,-0.02760,1.05774,0.39651,-0.03065
8.0000,1.05827,1.07511,0.41023,-0.04099,1.07751,0.39434,-0.04334
8.0500,1.07809,1.09556,0.40751,-0.05428,1.09715,0.39154,-0.05595
8.1000,1.09777,1.11585,0.40414,-0.06744,1.11665,0.38812,-0.06848
8.1500,1.11730,1.13596,0.40012,-0.08046,1.13595,0.38407,-0.08089
8.2000,1.13665,1.15584,0.39545,-0.09333,1.15504,0.37941,-0.09318
8.2500,1.15577,1.17548,0.39015,-0.10603,1.17388,0.37415,-0.10531
8.3000,1.17465,1.19484,0.38422,-0.11855,1.19244,0.36828,-0.11728
8.3500,1.19324,1.21389,0.37768,-0.13086,1.21069,0.36183,-0.12906
8.4000,1.21153,1.23260,0.37053,-0.14296,1.22861,0.35480,-0.14063
8.4500,1.22948,1.25093,0.36279,-0.15483,1.24616,0.34720,-0.15198
8.5000,1.24706,1.26886,0.35447,-0.16644,1.26331,0.33905,-0.16309
8.5500,1.26424,1.28636,0.34558,-0.17778,1.28005,0.33035,-0.17393
8.6000,1.28101,1.30341,0.33614,-0.18883,1.29633,0.32112,-0.18450
8.6500,1.29732,1.31996,0.32616,-0.19958,1.31215,0.31139,-0.19477
8.7000,1.31316,1.33601,0.31566,-0.21001,1.32746,0.30115,-0.20473
8.7500,1.32849,1.35152,0.30465,-0.22011,1.34225,0.29043,-0.21437
8.8000,1.34330,1.36646,0.29316,-0.22985,1.35649,0.27925,-0.22366
8.8500,1.35757,1.38082,0.28120,-0.23923,1.37016,0.26762,-0.23259
8.9000,1.37126,1.39457,0.26879,-0.24822,1.38324,0.25556,-0.24116
8.9500,1.38435,1.40769,0.25595,-0.25681,1.39571,0.24309,-0.24933
9.0000,1.39683,1.42016,0.24270,-0.26500,1.40754,0.23024,-0.25711
9.0500,1.40868,1.43195,0.22906,-0.27276,1.41872,0.21701,-0.26448
9.1000,1.41987,1.44305,0.21506,-0.28009,1.42923,0.20344,-0.27142
9.1500,1.43039,1.45345,0.20071,-0.28697,1.43906,0.18955,-0.27793
9.2000,1.44023,1.46312,0.18604,-0.29339,1.44818,0.17535,-0.28399
9.2500,1.44935,1.47204,0.17107,-0.29934,1.45659,0.16087,-0.28960
9.3000,1.45776,1.48022,0.15583,-0.30481,1.46426,0.14613,-0.29475
9.3500,1.46544,1.48762,0.14034,-0.30979,1.47119,0.13116,-0.29943
9.4000,1.47237,1.49424,0.12463,-0.31428,1.47737,0.11598,-0.30362
9.4500,1.47855,1.50008,0.10871,-0.31827,1.48279,0.10061,-0.30733
9.5000,1.48396,1.50511,0.09263,-0.32175,1.48743,0.08508,-0.31055
9.5500,1.48860,1.50934,0.07639,-0.32471,1.49129,0.06942,-0.31327
9.6000,1.49245,1.51275,0.06003,-0.32715,1.49437,0.05364,-0.31550
9.6500,1.49552,1.51534,0.04358,-0.32908,1.49665,0.03778,-0.31721
9.7000,1.49779,1.51710,0.02706,-0.33047,1.49815,0.02186,-0.31842
9.7500,1.49927,1.51804,0.01049,-0.33134,1.49884,0.00591,-0.31912
9.8000,1.49995,1.51815,-0.00609,-0.33167,1.49874,-0.01006,-0.31931
9.8500,1.49983,1.51743,-0.02267,-0.33148,1.49783,-0.02601,-0.31899
9.9000,1.49891,1.51589,-0.03920,-0.33075,1.49614,-0.04192,-0.31816
9.9500,1.49719,1.51351,-0.05568,-0.32950,1.49364,-0.05776,-0.31681
