regime,trial,mass,length,damping,gravity,final_theta_deg,peak_torque,success
nominal_only,0,1.0,0.5,0.1,9.81,45.0,8.0,1
nominal_only,1,1.0,0.5,0.1,9.81,45.0,8.0,1
nominal_only,2,1.0,0.5,0.1,9.81,45.0,8.0,1
nominal_only,3,1.0,0.5,0.1,9.81,45.0,8.0,1
nominal_only,4,1.0,0.5,0.1,9.81,45.0,8.0,1
nominal_only,5,1.0,0.5,0.1,9.81,45.0,8.0,1
nominal_only,6,1.0,0.5,0.1,9.81,45.0,8.0,1
nominal_only,7,1.0,0.5,0.1,9.81,45.0,8.0,1
nominal_only,8,1.0,0.5,0.1,9.81,45.0,8.0,1
nominal_only,9,1.0,0.5,0.1,9.81,45.0,8.0,1
nominal_only,10,1.0,0.5,0.1,9.81,45.0,8.0,1
nominal_only,11,1.0,0.5,0.1,9.81,45.0,8.0,1
nominal_only,12,1.0,0.5,0.1,9.81,45.0,8.0,1
nominal_only,13,1.0,0.5,0.1,9.81,45.0,8.0,1
nominal_only,14,1.0,0.5,0.1,9.81,45.0,8.0,1
nominal_only,15,1.0,0.5,0.1,9.81,45.0,8.0,1
nominal_only,16,1.0,0.5,0.1,9.81,45.0,8.0,1
nominal_only,17,1.0,0.5,0.1,9.81,45.0,8.0,1
nominal_only,18,1.0,0.5,0.1,9.81,45.0,8.0,1
nominal_only,19,1.0,0.5,0.1,9.81,45.0,8.0,1
nominal_only,20,1.0,0.5,0.1,9.81,45.0,8.0,1
nominal_only,21,1.0,0.5,0.1,9.81,45.0,8.0,1
nominal_only,22,1.0,0.5,0.1,9.81,45.0,8.0,1
nominal_only,23,1.0,0.5,0.1,9.81,45.0,8.0,1
nominal_only,24,1.0,0.5,0.1,9.81,45.0,8.0,1
nominal_only,25,1.0,0.5,0.1,9.81,45.0,8.0,1
nominal_only,26,1.0,0.5,0.1,9.81,45.0,8.0,1
nominal_only,27,1.0,0.5,0.1,9.81,45.0,8.0,1
nominal_only,28,1.0,0.5,0.1,9.81,45.0,8.0,1
nominal_only,29,1.0,0.5,0.1,9.81,45.0,8.0,1
nominal_only,30,1.0,0.5,0.1,9.81,45.0,8.0,1
nominal_only,31,1.0,0.5,0.1,9.81,45.0,8.0,1
nominal_only,32,1.0,0.5,0.1,9.81,45.0,8.0,1
nominal_only,33,1.0,0.5,0.1,9.81,45.0,8.0,1
nominal_only,34,1.0,0.5,0.1,9.81,45.0,8.0,1
nominal_only,35,1.0,0.5,0.1,9.81,45.0,8.0,1
nominal_only,36,1.0,0.5,0.1,9.81,45.0,8.0,1
nominal_only,37,1.0,0.5,0.1,9.81,45.0,8.0,1
nominal_only,38,1.0,0.5,0.1,9.81,45.0,8.0,1
nominal_only,39,1.0,0.5,0.1,9.81,45.0,8.0,1
nominal_only,40,1.0,0.5,0.1,9.81,45.0,8.0,1
nominal_only,41,1.0,0.5,0.1,9.81,45.0,8.0,1
nominal_only,42,1.0,0.5,0.1,9.81,45.0,8.0,1
nominal_only,43,1.0,0.5,0.1,9.81,45.0,8.0,1
nominal_only,44,1.0,0.5,0.1,9.81,45.0,8.0,1
nominal_only,45,1.0,0.5,0.1,9.81,45.0,8.0,1
nominal_only,46,1.0,0.5,0.1,9.81,45.0,8.0,1
nominal_only,47,1.0,0.5,0.1,9.81,45.0,8.0,1
nominal_only,48,1.0,0.5,0.1,9.81,45.0,8.0,1
nominal_only,49,1.0,0.5,0.1,9.81,45.0,8.0,1
nominal_only,50,1.0,0.5,0.1,9.81,45.0,8.0,1
nominal_only,51,1.0,0.5,0.1,9.81,45.0,8.0,1
nominal_only,52,1.0,0.5,0.1,9.81,45.0,8.0,1
nominal_only,53,1.0,0.5,0.1,9.81,45.0,8.0,1
nominal_only,54,1.0,0.5,0.1,9.81,45.0,8.0,1
nominal_only,55,1.0,0.5,0.1,9.81,45.0,8.0,1
nominal_only,56,1.0,0.5,0.1,9.81,45.0,8.0,1
nominal_only,57,1.0,0.5,0.1,9.81,45.0,8.0,1
nominal_only,58,1.0,0.5,0.1,9.81,45.0,8.0,1
nominal_only,59,1.0,0.5,0.1,9.81,45.0,8.0,1
nominal_only,60,1.0,0.5,0.1,9.81,45.0,8.0,1
nominal_only,61,1.0,0.5,0.1,9.81,45.0,8.0,1
nominal_only,62,1.0,0.5,0.1,9.81,45.0,8.0,1
nominal_only,63,1.0,0.5,0.1,9.81,45.0,8.0,1
nominal_only,64,1.0,0.5,0.1,9.81,45.0,8.0,1
nominal_only,65,1.0,0.5,0.1,9.81,45.0,8.0,1
nominal_only,66,1.0,0.5,0.1,9.81,45.0,8.0,1
nominal_only,67,1.0,0.5,0.1,9.81,45.0,8.0,1
nominal_only,68,1.0,0.5,0.1,9.81,45.0,8.0,1
nominal_only,69,1.0,0.5,0.1,9.81,45.0,8.0,1
nominal_only,70,1.0,0.5,0.1,9.81,45.0,8.0,1
nominal_only,71,1.0,0.5,0.1,9.81,45.0,8.0,1
nominal_only,72,1.0,0.5,0.1,9.81,45.0,8.0,1
nominal_only,73,1.0,0.5,0.1,9.81,45.0,8.0,1
nominal_only,74,1.0,0.5,0.1,9.81,45.0,8.0,1
nominal_only,75,1.0,0.5,0.1,9.81,45.0,8.0,1
nominal_only,76,1.0,0.5,0.1,9.81,45.0,8.0,1
nominal_only,77,1.0,0.5,0.1,9.81,45.0,8.0,1
nominal_only,78,1.0,0.5,0.1,9.81,45.0,8.0,1
nominal_only,79,1.0,0.5,0.1,9.81,45.0,8.0,1
nominal_only,80,1.0,0.5,0.1,9.81,45.0,8.0,1
nominal_only,81,1.0,0.5,0.1,9.81,45.0,8.0,1
nominal_only,82,1.0,0.5,0.1,9.81,45.0,8.0,1
nominal_only,83,1.0,0.5,0.1,9.81,45.0,8.0,1
nominal_only,84,1.0,0.5,0.1,9.81,45.0,8.0,1
nominal_only,85,1.0,0.5,0.1,9.81,45.0,8.0,1
nominal_only,86,1.0,0.5,0.1,9.81,45.0,8.0,1
nominal_only,87,1.0,0.5,0.1,9.81,45.0,8.0,1
nominal_only,88,1.0,0.5,0.1,9.81,45.0,8.0,1
nominal_only,89,1.0,0.5,0.1,9.81,45.0,8.0,1
nominal_only,90,1.0,0.5,0.1,9.81,45.0,8.0,1
nominal_only,91,1.0,0.5,0.1,9.81,45.0,8.0,1
nominal_only,92,1.0,0.5,0.1,9.81,45.0,8.0,1
nominal_only,93,1.0,0.5,0.1,9.81,45.0,8.0,1
nominal_only,94,1.0,0.5,0.1,9.81,45.0,8.0,1
nominal_only,95,1.0,0.5,0.1,9.81,45.0,8.0,1
nominal_only,96,1.0,0.5,0.1,9.81,45.0,8.0,1
nominal_only,97,1.0,0.5,0.1,9.81,45.0,8.0,1
nominal_only,98,1.0,0.5,0.1,9.81,45.0,8.0,1
nominal_only,99,1.0,0.5,0.1,9.81,45.0,8.0,1
nominal_only,100,1.0,0.5,0.1,9.81,45.0,8.0,1
nominal_only,101,1.0,0.5,0.1,9.81,45.0,8.0,1
nominal_only,102,1.0,0.5,0.1,9.81,45.0,8.0,1
nominal_only,103,1.0,0.5,0.1,9.81,45.0,8.0,1
nominal_only,104,1.0,0.5,0.1,9.81,45.0,8.0,1
nominal_only,105,1.0,0.5,0.1,9.81,45.0,8.0,1
nominal_only,106,1.0,0.5,0.1,9.81,45.0,8.0,1
nominal_only,107,1.0,0.5,0.1,9.81,45.0,8.0,1
nominal_only,108,1.0,0.5,0.1,9.81,45.0,8.0,1
nominal_only,109,1.0,0.5,0.1,9.81,45.0,8.0,1
nominal_only,110,1.0,0.5,0.1,9.81,45.0,8.0,1
nominal_only,111,1.0,0.5,0.1,9.81,45.0,8.0,1
nominal_only,112,1.0,0.5,0.1,9.81,45.0,8.0,1
nominal_only,113,1.0,0.5,0.1,9.81,45.0,8.0,1
nominal_only,114,1.0,0.5,0.1,9.81,45.0,8.0,1
nominal_only,115,1.0,0.5,0.1,9.81,45.0,8.0,1
nominal_only,116,1.0,0.5,0.1,9.81,45.0,8.0,1
nominal_only,117,1.0,0.5,0.1,9.81,45.0,8.0,1
nominal_only,118,1.0,0.5,0.1,9.81,45.0,8.0,1
nominal_only,119,1.0,0.5,0.1,9.81,45.0,8.0,1
nominal_only,120,1.0,0.5,0.1,9.81,45.0,8.0,1
nominal_only,121,1.0,0.5,0.1,9.81,45.0,8.0,1
nominal_only,122,1.0,0.5,0.1,9.81,45.0,8.0,1
nominal_only,123,1.0,0.5,0.1,9.81,45.0,8.0,1
nominal_only,124,1.0,0.5,0.1,9.81,45.0,8.0,1
nominal_only,125,1.0,0.5,0.1,9.81,45.0,8.0,1
nominal_only,126,1.0,0.5,0.1,9.81,45.0,8.0,1
nominal_only,127,1.0,0.5,0.1,9.81,45.0,8.0,1
nominal_only,128,1.0,0.5,0.1,9.81,45.0,8.0,1
nominal_only,129,1.0,0.5,0.1,9.81,45.0,8.0,1
nominal_only,130,1.0,0.5,0.1,9.81,45.0,8.0,1
nominal_only,131,1.0,0.5,0.1,9.81,45.0,8.0,1
nominal_only,132,1.0,0.5,0.1,9.81,45.0,8.0,1
nominal_only,133,1.0,0.5,0.1,9.81,45.0,8.0,1
nominal_only,134,1.0,0.5,0.1,9.81,45.0,8.0,1
nominal_only,135,1.0,0.5,0.1,9.81,45.0,8.0,1
nominal_only,136,1.0,0.5,0.1,9.81,45.0,8.0,1
nominal_only,137,1.0,0.5,0.1,9.81,45.0,8.0,1
nominal_only,138,1.0,0.5,0.1,9.81,45.0,8.0,1
nominal_only,139,1.0,0.5,0.1,9.81,45.0,8.0,1
nominal_only,140,1.0,0.5,0.1,9.81,45.0,8.0,1
nominal_only,141,1.0,0.5,0.1,9.81,45.0,8.0,1
nominal_only,142,1.0,0.5,0.1,9.81,45.0,8.0,1
nominal_only,143,1.0,0.5,0.1,9.81,45.0,8.0,1
nominal_only,144,1.0,0.5,0.1,9.81,45.0,8.0,1
nominal_only,145,1.0,0.5,0.1,9.81,45.0,8.0,1
nominal_only,146,1.0,0.5,0.1,9.81,45.0,8.0,1
nominal_only,147,1.0,0.5,0.1,9.81,45.0,8.0,1
nominal_only,148,1.0,0.5,0.1,9.81,45.0,8.0,1
nominal_only,149,1.0,0.5,0.1,9.81,45.0,8.0,1
nominal_only,150,1.0,0.5,0.1,9.81,45.0,8.0,1
nominal_only,151,1.0,0.5,0.1,9.81,45.0,8.0,1
nominal_only,152,1.0,0.5,0.1,9.81,45.0,8.0,1
nominal_only,153,1.0,0.5,0.1,9.81,45.0,8.0,1
nominal_only,154,1.0,0.5,0.1,9.81,45.0,8.0,1
nominal_only,155,1.0,0.5,0.1,9.81,45.0,8.0,1
nominal_only,156,1.0,0.5,0.1,9.81,45.0,8.0,1
nominal_only,157,1.0,0.5,0.1,9.81,45.0,8.0,1
nominal_only,158,1.0,0.5,0.1,9.81,45.0,8.0,1
nominal_only,159,1.0,0.5,0.1,9.81,45.0,8.0,1
nominal_only,160,1.0,0.5,0.1,9.81,45.0,8.0,1
nominal_only,161,1.0,0.5,0.1,9.81,45.0,8.0,1
nominal_only,162,1.0,0.5,0.1,9.81,45.0,8.0,1
nominal_only,163,1.0,0.5,0.1,9.81,45.0,8.0,1
nominal_only,164,1.0,0.5,0.1,9.81,45.0,8.0,1
nominal_only,165,1.0,0.5,0.1,9.81,45.0,8.0,1
nominal_only,166,1.0,0.5,0.1,9.81,45.0,8.0,1
nominal_only,167,1.0,0.5,0.1,9.81,45.0,8.0,1
nominal_only,168,1.0,0.5,0.1,9.81,45.0,8.0,1
nominal_only,169,1.0,0.5,0.1,9.81,45.0,8.0,1
nominal_only,170,1.0,0.5,0.1,9.81,45.0,8.0,1
nominal_only,171,1.0,0.5,0.1,9.81,45.0,8.0,1
nominal_only,172,1.0,0.5,0.1,9.81,45.0,8.0,1
nominal_only,173,1.0,0.5,0.1,9.81,45.0,8.0,1
nominal_only,174,1.0,0.5,0.1,9.81,45.0,8.0,1
nominal_only,175,1.0,0.5,0.1,9.81,45.0,8.0,1
nominal_only,176,1.0,0.5,0.1,9.81,45.0,8.0,1
nominal_only,177,1.0,0.5,0.1,9.81,45.0,8.0,1
nominal_only,178,1.0,0.5,0.1,9.81,45.0,8.0,1
nominal_only,179,1.0,0.5,0.1,9.81,45.0,8.0,1
nominal_only,180,1.0,0.5,0.1,9.81,45.0,8.0,1
nominal_only,181,1.0,0.5,0.1,9.81,45.0,8.0,1
nominal_only,182,1.0,0.5,0.1,9.81,45.0,8.0,1
nominal_only,183,1.0,0.5,0.1,9.81,45.0,8.0,1
nominal_only,184,1.0,0.5,0.1,9.81,45.0,8.0,1
nominal_only,185,1.0,0.5,0.1,9.81,45.0,8.0,1
nominal_only,186,1.0,0.5,0.1,9.81,45.0,8.0,1
nominal_only,187,1.0,0.5,0.1,9.81,45.0,8.0,1
nominal_only,188,1.0,0.5,0.1,9.81,45.0,8.0,1
nominal_only,189,1.0,0.5,0.1,9.81,45.0,8.0,1
nominal_only,190,1.0,0.5,0.1,9.81,45.0,8.0,1
nominal_only,191,1.0,0.5,0.1,9.81,45.0,8.0,1
nominal_only,192,1.0,0.5,0.1,9.81,45.0,8.0,1
nominal_only,193,1.0,0.5,0.1,9.81,45.0,8.0,1
nominal_only,194,1.0,0.5,0.1,9.81,45.0,8.0,1
nominal_only,195,1.0,0.5,0.1,9.81,45.0,8.0,1
nominal_only,196,1.0,0.5,0.1,9.81,45.0,8.0,1
nominal_only,197,1.0,0.5,0.1,9.81,45.0,8.0,1
nominal_only,198,1.0,0.5,0.1,9.81,45.0,8.0,1
nominal_only,199,1.0,0.5,0.1,9.81,45.0,8.0,1
mild_dr,0,1.1434,0.5121,0.0871,9.9943,43.891,8.0,1
mild_dr,1,0.8184,0.5464,0.1332,10.0475,45.624,8.0,1
mild_dr,2,0.9589,0.5365,0.1642,9.5166,45.023,8.0,1
mild_dr,3,0.8766,0.5197,0.0604,10.0885,45.292,8.0,1
mild_dr,4,0.9358,0.5419,0.1597,9.6463,44.956,8.0,1
mild_dr,5,0.9049,0.4574,0.1963,9.8813,46.277,8.0,1
mild_dr,6,1.138,0.4794,0.1426,9.6654,44.508,8.0,1
mild_dr,7,0.921,0.4768,0.1031,9.7829,46.015,8.0,1
mild_dr,8,0.8233,0.5148,0.1805,10.2228,45.674,8.0,1
mild_dr,9,1.0202,0.5207,0.1501,9.3521,44.908,8.0,1
mild_dr,10,1.1491,0.5176,0.0626,9.7458,43.953,8.0,1
mild_dr,11,1.1715,0.5035,0.1586,10.278,43.515,8.0,1
mild_dr,12,0.871,0.532,0.0945,9.9105,45.351,8.0,1
mild_dr,13,0.9761,0.4519,0.1607,10.2881,45.642,8.0,1
mild_dr,14,1.1808,0.4628,0.169,9.3439,44.716,8.0,1
mild_dr,15,0.9347,0.5479,0.1481,9.6444,44.979,8.0,1
mild_dr,16,1.1673,0.4757,0.1582,9.8222,44.262,8.0,1
mild_dr,17,0.928,0.5098,0.101,9.9006,45.28,8.0,1
mild_dr,18,1.0236,0.4562,0.1753,10.0787,45.233,8.0,1
mild_dr,19,1.0087,0.4773,0.0923,9.8325,45.121,8.0,1
mild_dr,20,1.0676,0.5089,0.1073,9.4961,44.487,8.0,1
mild_dr,21,0.8714,0.5014,0.1252,10.0465,45.75,8.0,1
mild_dr,22,1.11,0.5373,0.0862,10.0211,43.535,8.0,1
mild_dr,23,0.9612,0.5136,0.1666,9.4245,45.291,8.0,1
mild_dr,24,0.9268,0.5438,0.0896,9.9303,44.908,8.0,1
mild_dr,25,1.0003,0.4678,0.1893,9.5671,45.596,8.0,1
mild_dr,26,1.0797,0.4924,0.1929,9.9961,44.275,8.0,1
mild_dr,27,0.8833,0.5116,0.1702,9.5942,45.721,8.0,1
mild_dr,28,1.0487,0.4994,0.0784,9.8795,44.583,8.0,1
mild_dr,29,0.9188,0.5103,0.0898,10.1916,45.185,8.0,1
mild_dr,30,0.8923,0.4828,0.0723,9.6597,46.012,8.0,1
mild_dr,31,0.812,0.4513,0.1198,10.1951,46.621,8.0,1
mild_dr,32,0.9294,0.499,0.1841,9.6036,45.61,8.0,1
mild_dr,33,0.8522,0.467,0.0755,10.1617,46.267,8.0,1
mild_dr,34,0.8328,0.4856,0.1183,10.3005,46.025,8.0,1
mild_dr,35,0.8665,0.5018,0.179,9.3721,46.106,8.0,1
mild_dr,36,1.1638,0.4897,0.1243,10.0834,43.908,8.0,1
mild_dr,37,0.9585,0.4948,0.1586,10.1127,45.241,8.0,1
mild_dr,38,0.9823,0.4548,0.1019,10.2202,45.552,8.0,1
mild_dr,39,1.0109,0.4929,0.1662,10.1892,44.599,8.0,1
mild_dr,40,1.1052,0.5287,0.1998,10.1342,43.812,8.0,1
mild_dr,41,0.8843,0.4653,0.118,9.3607,46.493,8.0,1
mild_dr,42,1.0758,0.5308,0.1995,9.8687,43.853,8.0,1
mild_dr,43,0.9951,0.5231,0.0769,9.9002,44.597,8.0,1
mild_dr,44,1.1776,0.5458,0.0943,9.4512,43.556,8.0,0
mild_dr,45,0.8982,0.5035,0.1649,9.5281,45.993,8.0,1
mild_dr,46,0.9035,0.5489,0.1277,9.7542,45.128,8.0,1
mild_dr,47,0.9347,0.4753,0.1626,9.4771,46.037,8.0,1
mild_dr,48,0.9111,0.5463,0.1934,9.9122,45.091,8.0,1
mild_dr,49,1.0232,0.5205,0.1534,9.4255,44.802,8.0,1
mild_dr,50,1.0394,0.4863,0.1764,9.5074,45.062,8.0,1
mild_dr,51,1.148,0.4664,0.1205,10.245,44.169,8.0,1
mild_dr,52,1.1987,0.4943,0.1254,9.5605,43.94,8.0,1
mild_dr,53,0.9578,0.4798,0.0936,10.1378,45.286,8.0,1
mild_dr,54,0.9599,0.4942,0.1963,9.4675,45.379,8.0,1
mild_dr,55,1.0325,0.4939,0.0812,9.8004,44.717,8.0,1
mild_dr,56,0.9054,0.5107,0.1593,9.6873,45.553,8.0,1
mild_dr,57,0.8033,0.4779,0.0899,10.0153,46.495,8.0,1
mild_dr,58,0.9035,0.5214,0.1548,9.3863,45.631,8.0,1
mild_dr,59,1.1019,0.469,0.1137,9.7383,44.848,8.0,1
mild_dr,60,1.16,0.4856,0.1995,9.8193,44.031,8.0,1
mild_dr,61,1.0156,0.4922,0.1908,9.8171,45.023,8.0,1
mild_dr,62,1.1846,0.5047,0.085,9.9251,43.709,8.0,1
mild_dr,63,1.0442,0.5475,0.0893,9.9291,44.148,8.0,1
mild_dr,64,0.9509,0.4568,0.1887,9.8071,45.874,8.0,1
mild_dr,65,1.0758,0.4631,0.0649,10.0761,44.873,8.0,1
mild_dr,66,1.1488,0.5276,0.0621,9.8175,43.459,8.0,1
mild_dr,67,1.1042,0.4664,0.1214,10.2253,44.568,8.0,1
mild_dr,68,0.8494,0.5277,0.1272,10.113,45.432,8.0,1
mild_dr,69,0.8715,0.499,0.1107,10.1508,45.589,8.0,1
mild_dr,70,1.097,0.4863,0.1392,9.927,44.449,8.0,1
mild_dr,71,1.0021,0.5185,0.1661,10.0382,44.546,8.0,1
mild_dr,72,1.0622,0.5483,0.1609,10.2041,43.674,8.0,1
mild_dr,73,1.1996,0.5143,0.1697,9.9081,43.559,8.0,1
mild_dr,74,0.8016,0.4999,0.0841,9.7717,46.375,8.0,1
mild_dr,75,1.055,0.4848,0.1295,9.5589,44.986,8.0,1
mild_dr,76,1.0065,0.5011,0.1359,9.7612,44.85,8.0,1
mild_dr,77,0.9721,0.4857,0.1668,9.6811,45.5,8.0,1
mild_dr,78,0.8249,0.5438,0.0646,9.919,45.455,8.0,1
mild_dr,79,1.183,0.4913,0.1084,9.543,44.008,8.0,1
mild_dr,80,0.8762,0.4934,0.1944,10.0403,45.712,8.0,1
mild_dr,81,0.814,0.5102,0.1145,9.7436,46.266,8.0,1
mild_dr,82,0.8715,0.5215,0.1733,9.4667,45.89,8.0,1
mild_dr,83,0.8533,0.5016,0.1864,9.7679,46.017,8.0,1
mild_dr,84,1.0007,0.4564,0.1329,9.9115,45.453,8.0,1
mild_dr,85,1.0736,0.4894,0.0793,9.9726,44.53,8.0,1
mild_dr,86,1.1306,0.5395,0.1787,9.6676,43.722,8.0,1
mild_dr,87,0.8269,0.4845,0.0856,9.3736,46.591,8.0,1
mild_dr,88,0.8818,0.5177,0.1994,10.1268,45.512,8.0,1
mild_dr,89,1.1025,0.541,0.1057,10.0357,43.541,8.0,1
mild_dr,90,0.9873,0.5475,0.0923,9.9747,44.284,8.0,1
mild_dr,91,0.9686,0.4827,0.1164,10.1224,45.189,8.0,1
mild_dr,92,1.0501,0.532,0.141,9.8364,44.239,8.0,1
mild_dr,93,1.1001,0.4957,0.1352,9.4774,44.584,8.0,1
mild_dr,94,0.8251,0.4953,0.1726,10.0776,46.216,8.0,1
mild_dr,95,1.1988,0.5104,0.182,10.0367,43.363,8.0,1
mild_dr,96,0.8964,0.5308,0.122,10.0234,45.266,8.0,1
mild_dr,97,0.9802,0.5417,0.1822,9.7096,44.828,8.0,1
mild_dr,98,0.9824,0.5165,0.112,10.2921,44.758,8.0,1
mild_dr,99,0.8507,0.5161,0.1359,10.0017,45.622,8.0,1
mild_dr,100,0.9672,0.4749,0.1709,10.04,45.479,8.0,1
mild_dr,101,1.157,0.5161,0.0841,9.8163,43.624,8.0,1
mild_dr,102,1.1178,0.4653,0.1674,9.7919,44.727,8.0,1
mild_dr,103,0.8098,0.5107,0.0842,9.7801,46.308,8.0,1
mild_dr,104,0.8759,0.47,0.1838,9.4174,46.423,8.0,1
mild_dr,105,1.0405,0.542,0.1379,9.5795,44.416,8.0,1
mild_dr,106,0.9091,0.5482,0.1844,10.0171,44.726,8.0,1
mild_dr,107,0.8078,0.5466,0.0689,10.1919,45.433,8.0,1
mild_dr,108,1.001,0.4739,0.1281,10.118,45.141,8.0,1
mild_dr,109,1.1802,0.515,0.0985,9.6559,43.732,8.0,1
mild_dr,110,0.8508,0.5115,0.1095,9.8151,45.978,8.0,1
mild_dr,111,1.0457,0.5047,0.067,9.9561,44.481,8.0,1
mild_dr,112,1.1062,0.5402,0.1992,10.0135,43.601,8.0,1
mild_dr,113,0.8748,0.5013,0.1743,9.8126,45.835,8.0,1
mild_dr,114,1.1021,0.4808,0.1481,9.8139,44.606,8.0,1
mild_dr,115,0.9156,0.4599,0.0607,9.7895,46.113,8.0,1
mild_dr,116,1.0255,0.4768,0.1455,10.1889,44.705,8.0,1
mild_dr,117,0.982,0.5211,0.0883,10.198,44.711,8.0,1
mild_dr,118,1.1782,0.4929,0.1714,10.0676,43.734,8.0,1
mild_dr,119,1.0092,0.4838,0.0756,10.2366,44.876,8.0,1
mild_dr,120,0.9705,0.4609,0.0774,9.8763,45.79,8.0,1
mild_dr,121,1.1212,0.4728,0.136,9.4604,44.908,8.0,1
mild_dr,122,1.0526,0.4796,0.1883,9.588,45.255,8.0,1
mild_dr,123,0.8655,0.5061,0.0882,9.5751,45.927,8.0,1
mild_dr,124,0.9759,0.5048,0.174,10.0081,44.956,8.0,1
mild_dr,125,0.9919,0.5141,0.1611,9.499,45.171,8.0,1
mild_dr,126,1.0804,0.4558,0.0808,9.5957,45.246,8.0,1
mild_dr,127,0.862,0.5492,0.1137,9.6506,45.499,8.0,1
mild_dr,128,1.1912,0.5037,0.133,10.2386,43.298,8.0,1
mild_dr,129,0.9864,0.5005,0.1208,9.6182,45.254,8.0,1
mild_dr,130,0.8635,0.457,0.1307,10.2814,46.237,8.0,1
mild_dr,131,1.0099,0.4723,0.1037,9.6965,45.456,8.0,1
mild_dr,132,0.8411,0.4967,0.0911,10.2639,45.868,8.0,1
mild_dr,133,1.0441,0.5402,0.1097,10.1519,43.871,8.0,1
mild_dr,134,1.0078,0.4685,0.1055,9.5281,45.675,8.0,1
mild_dr,135,1.0418,0.4513,0.0722,9.6467,45.583,8.0,1
mild_dr,136,0.8143,0.4985,0.0735,9.8475,46.317,8.0,1
mild_dr,137,1.1369,0.5379,0.1205,9.8469,43.56,8.0,1
mild_dr,138,1.1832,0.5003,0.0655,9.8855,43.759,8.0,1
mild_dr,139,1.0758,0.4927,0.0798,10.121,44.425,8.0,1
mild_dr,140,1.0808,0.5363,0.1492,10.2088,43.709,8.0,1
mild_dr,141,0.8702,0.4545,0.0712,9.7346,46.35,8.0,1
mild_dr,142,1.0592,0.4889,0.1157,10.2335,44.285,8.0,1
mild_dr,143,0.9008,0.5045,0.1787,9.3362,45.864,8.0,1
mild_dr,144,0.8074,0.5265,0.1174,10.2064,45.78,8.0,1
mild_dr,145,0.8279,0.4675,0.1493,10.1765,46.136,8.0,1
mild_dr,146,1.0441,0.4819,0.0762,9.8634,45.017,8.0,1
mild_dr,147,1.1583,0.5286,0.0901,9.6623,43.762,8.0,1
mild_dr,148,0.8216,0.5392,0.0698,9.3483,46.051,8.0,1
mild_dr,149,0.9197,0.5041,0.1239,9.6867,45.578,8.0,1
mild_dr,150,1.0626,0.5458,0.1578,9.5891,43.969,8.0,1
mild_dr,151,1.1674,0.4888,0.0628,9.3628,44.46,8.0,1
mild_dr,152,1.1862,0.4775,0.1486,9.7833,44.13,8.0,1
mild_dr,153,1.1943,0.5254,0.0629,9.7276,43.421,8.0,1
mild_dr,154,0.927,0.4937,0.0749,9.8142,45.71,8.0,1
mild_dr,155,1.0074,0.5442,0.1236,9.4239,44.622,8.0,1
mild_dr,156,1.0378,0.4546,0.1223,10.2228,45.041,8.0,1
mild_dr,157,1.1395,0.4641,0.1666,9.4403,44.851,8.0,1
mild_dr,158,0.9037,0.5397,0.1799,10.1684,45.126,8.0,1
mild_dr,159,0.8632,0.4656,0.1684,10.071,46.074,8.0,1
mild_dr,160,0.8054,0.4902,0.1994,9.773,46.538,8.0,1
mild_dr,161,0.8423,0.4642,0.1787,10.1904,46.185,8.0,1
mild_dr,162,0.825,0.5041,0.1409,9.8624,46.079,8.0,1
mild_dr,163,0.9996,0.5249,0.1187,9.8735,44.547,8.0,1
mild_dr,164,0.981,0.5441,0.0707,9.7963,44.638,8.0,1
mild_dr,165,1.118,0.4692,0.0834,9.5228,44.945,8.0,1
mild_dr,166,0.9132,0.5301,0.1197,10.1174,44.988,8.0,1
mild_dr,167,0.9806,0.4861,0.1681,9.8394,45.422,8.0,1
mild_dr,168,0.8306,0.5226,0.1153,9.3947,46.225,8.0,1
mild_dr,169,0.9248,0.462,0.1689,10.0523,45.784,8.0,1
mild_dr,170,0.9547,0.5422,0.0958,10.1924,44.411,8.0,1
mild_dr,171,1.1211,0.4895,0.0674,9.604,44.47,8.0,1
mild_dr,172,1.1168,0.4697,0.1719,9.9385,44.588,8.0,1
mild_dr,173,1.0534,0.4598,0.0813,10.0632,45.122,8.0,1
mild_dr,174,1.0812,0.5462,0.1543,9.4977,44.005,8.0,1
mild_dr,175,0.8733,0.465,0.1232,10.2456,45.914,8.0,1
mild_dr,176,0.8089,0.4626,0.1223,10.2573,46.479,8.0,1
mild_dr,177,1.1734,0.5491,0.1449,9.4731,43.442,8.0,1
mild_dr,178,0.9521,0.5132,0.191,9.4841,45.319,8.0,1
mild_dr,179,1.1143,0.5331,0.124,10.0071,43.538,8.0,1
mild_dr,180,0.8908,0.5193,0.0952,9.3866,45.785,8.0,1
mild_dr,181,0.809,0.5345,0.141,10.0508,45.647,8.0,1
mild_dr,182,1.0131,0.4857,0.1359,10.0866,44.887,8.0,1
mild_dr,183,1.0803,0.5472,0.1387,9.9651,43.749,8.0,1
mild_dr,184,0.84,0.4885,0.0696,9.7583,46.266,8.0,1
mild_dr,185,0.9728,0.4503,0.1182,9.9058,45.933,8.0,1
mild_dr,186,0.9531,0.5029,0.09,9.5921,45.383,8.0,1
mild_dr,187,0.8284,0.4783,0.0693,10.1573,46.357,8.0,1
mild_dr,188,1.1431,0.457,0.1842,9.7095,44.658,8.0,1
mild_dr,189,1.0789,0.4613,0.1395,9.5957,45.103,8.0,1
mild_dr,190,1.029,0.4512,0.1383,9.4135,45.737,8.0,1
mild_dr,191,0.9192,0.5224,0.1903,9.7011,45.365,8.0,1
mild_dr,192,0.9463,0.4519,0.0858,9.8354,45.928,8.0,1
mild_dr,193,0.8724,0.5469,0.1824,9.3708,45.512,8.0,1
mild_dr,194,0.8036,0.4687,0.1773,9.7892,46.626,8.0,1
mild_dr,195,1.0171,0.4825,0.1874,10.0603,44.878,8.0,1
mild_dr,196,0.8984,0.4898,0.0918,9.7931,45.819,8.0,1
mild_dr,197,1.0648,0.5091,0.1692,10.1309,44.251,8.0,1
mild_dr,198,0.894,0.5186,0.0755,9.4233,45.81,8.0,1
mild_dr,199,1.0456,0.5168,0.1732,9.8498,44.256,8.0,1
aggressive_dr,0,1.3666,0.5179,0.1672,9.9941,41.91,8.0,0
aggressive_dr,1,0.9939,0.4096,0.2674,10.1414,46.389,8.0,1
aggressive_dr,2,1.249,0.4338,0.2092,9.4166,45.133,8.0,1
aggressive_dr,3,1.3584,0.4256,0.2833,10.0005,44.076,8.0,0
aggressive_dr,4,0.7754,0.5653,0.2805,10.0528,45.879,8.0,1
aggressive_dr,5,1.2875,0.5354,0.2791,9.9422,42.599,8.0,0
aggressive_dr,6,0.7097,0.4252,0.1388,9.5917,47.8,8.0,0
aggressive_dr,7,1.1362,0.5728,0.111,10.189,43.046,8.0,0
aggressive_dr,8,1.3929,0.4303,0.0374,9.6925,43.106,8.0,1
aggressive_dr,9,1.3035,0.4249,0.2562,10.3608,44.469,8.0,1
aggressive_dr,10,1.1914,0.5036,0.2194,10.0711,44.115,8.0,1
aggressive_dr,11,0.6918,0.4769,0.207,9.0999,47.425,8.0,0
aggressive_dr,12,0.6985,0.482,0.0974,10.3169,47.007,8.0,0
aggressive_dr,13,1.1617,0.492,0.0691,10.6575,44.232,8.0,0
aggressive_dr,14,0.7282,0.5368,0.2044,9.3442,46.3,8.0,0
aggressive_dr,15,1.0742,0.5031,0.2376,9.0382,44.734,8.0,1
aggressive_dr,16,1.2136,0.4346,0.1026,9.9009,43.819,8.0,1
aggressive_dr,17,1.2266,0.5658,0.0439,9.5381,42.559,8.0,0
aggressive_dr,18,0.6873,0.5851,0.2361,9.7709,47.102,8.0,0
aggressive_dr,19,1.3017,0.4759,0.2377,10.5984,42.662,8.0,0
aggressive_dr,20,0.9163,0.4561,0.2446,10.6086,45.155,8.0,1
aggressive_dr,21,0.9612,0.47,0.2525,9.5196,45.747,8.0,1
aggressive_dr,22,1.1736,0.5594,0.1848,10.1652,42.422,8.0,0
aggressive_dr,23,1.181,0.4549,0.1995,10.0031,44.189,8.0,1
aggressive_dr,24,1.384,0.427,0.0257,10.1717,42.96,8.0,0
aggressive_dr,25,0.6851,0.5204,0.2237,9.4022,46.071,8.0,0
aggressive_dr,26,1.1845,0.5144,0.2414,9.7057,43.746,8.0,0
aggressive_dr,27,0.9941,0.4805,0.1395,9.0892,45.614,8.0,1
aggressive_dr,28,1.2184,0.5876,0.1093,10.6764,41.823,8.0,0
aggressive_dr,29,1.2921,0.5364,0.2098,10.4219,42.582,8.0,0
aggressive_dr,30,1.28,0.4459,0.2272,10.4169,44.212,8.0,1
aggressive_dr,31,1.1156,0.4121,0.2301,9.7068,46.004,8.0,1
aggressive_dr,32,0.7227,0.4075,0.27,9.9447,47.696,8.0,0
aggressive_dr,33,1.0166,0.4487,0.2951,10.7815,44.792,8.0,1
aggressive_dr,34,1.2532,0.5185,0.0431,10.0618,42.244,8.0,0
aggressive_dr,35,0.7082,0.5675,0.234,8.9086,46.399,8.0,0
aggressive_dr,36,0.6442,0.4281,0.284,9.687,48.224,8.0,0
aggressive_dr,37,0.7705,0.5514,0.2671,10.0519,45.658,8.0,1
aggressive_dr,38,0.9533,0.5079,0.269,10.7488,44.695,8.0,1
aggressive_dr,39,0.8189,0.5955,0.1915,9.992,45.456,8.0,1
aggressive_dr,40,1.295,0.5998,0.056,9.1433,42.76,8.0,0
aggressive_dr,41,0.9821,0.4999,0.0919,9.0107,45.631,8.0,1
aggressive_dr,42,0.892,0.4024,0.1242,9.2506,47.256,8.0,0
aggressive_dr,43,0.728,0.4823,0.2213,9.7784,46.785,8.0,0
aggressive_dr,44,0.9565,0.4599,0.2308,10.1821,46.23,8.0,1
aggressive_dr,45,1.0109,0.5818,0.1278,9.5165,43.92,8.0,1
aggressive_dr,46,0.6704,0.4683,0.2237,9.2109,47.678,8.0,0
aggressive_dr,47,0.6937,0.4926,0.1096,10.5505,46.648,8.0,0
aggressive_dr,48,0.801,0.4285,0.1527,10.0039,47.279,8.0,0
aggressive_dr,49,1.2481,0.529,0.1592,9.9379,43.384,8.0,0
aggressive_dr,50,0.7341,0.454,0.0219,10.6558,46.822,8.0,0
aggressive_dr,51,1.1068,0.5796,0.0329,9.8194,43.102,8.0,0
aggressive_dr,52,1.3746,0.4723,0.2093,10.2984,42.569,8.0,0
aggressive_dr,53,1.1314,0.508,0.0492,9.4439,44.568,8.0,1
aggressive_dr,54,0.9823,0.4697,0.1238,9.059,46.107,8.0,1
aggressive_dr,55,1.3461,0.4057,0.1243,9.3437,45.173,8.0,1
aggressive_dr,56,1.0744,0.4437,0.2247,8.9536,45.955,8.0,1
aggressive_dr,57,1.235,0.515,0.1009,9.5781,43.585,8.0,0
aggressive_dr,58,1.3427,0.4075,0.1345,10.4298,43.606,8.0,0
aggressive_dr,59,0.7435,0.508,0.2208,8.9412,46.987,8.0,0
aggressive_dr,60,0.9386,0.4327,0.0492,9.6097,46.178,8.0,1
aggressive_dr,61,0.9591,0.4718,0.151,10.238,45.07,8.0,1
aggressive_dr,62,1.1027,0.4433,0.2593,10.6487,44.864,8.0,1
aggressive_dr,63,1.0427,0.567,0.0611,9.4776,43.865,8.0,1
aggressive_dr,64,0.9826,0.4037,0.2748,10.5085,46.546,8.0,1
aggressive_dr,65,0.8605,0.5281,0.1965,10.3405,45.055,8.0,1
aggressive_dr,66,1.2995,0.5979,0.1026,10.7166,40.385,8.0,0
aggressive_dr,67,0.8618,0.5416,0.1512,9.3192,45.177,8.0,1
aggressive_dr,68,0.8497,0.5252,0.0956,9.0101,45.705,8.0,0
aggressive_dr,69,0.868,0.4593,0.2723,9.83,46.316,8.0,1
aggressive_dr,70,0.9411,0.4823,0.2312,9.6311,46.337,8.0,1
aggressive_dr,71,1.1667,0.4241,0.1334,9.8898,45.009,8.0,1
aggressive_dr,72,0.8871,0.4175,0.2133,9.1904,47.386,8.0,0
aggressive_dr,73,0.9283,0.4321,0.1236,9.5461,46.096,8.0,1
aggressive_dr,74,0.7988,0.4075,0.2777,10.7768,47.266,8.0,0
aggressive_dr,75,1.3868,0.5114,0.1184,10.5847,41.804,8.0,0
aggressive_dr,76,0.8896,0.5882,0.1865,10.5674,44.038,8.0,1
aggressive_dr,77,1.1676,0.443,0.0994,9.0855,45.138,8.0,1
aggressive_dr,78,1.2443,0.4078,0.2015,9.9324,45.582,8.0,1
aggressive_dr,79,1.2452,0.4117,0.0328,10.1452,45.263,8.0,1
aggressive_dr,80,0.7559,0.4675,0.0709,10.4123,46.298,8.0,0
aggressive_dr,81,1.1312,0.465,0.0816,10.5365,44.157,8.0,1
aggressive_dr,82,0.8632,0.515,0.2979,9.0946,46.521,8.0,0
aggressive_dr,83,1.3342,0.4689,0.1485,9.7294,43.176,8.0,0
aggressive_dr,84,1.3442,0.5612,0.0353,8.9174,42.533,8.0,0
aggressive_dr,85,1.149,0.4399,0.0704,9.5443,44.862,8.0,1
aggressive_dr,86,1.1808,0.5186,0.1039,8.8447,43.801,8.0,1
aggressive_dr,87,0.8343,0.4152,0.1055,9.2687,46.618,8.0,0
aggressive_dr,88,1.1163,0.4454,0.2721,10.7161,44.519,8.0,1
aggressive_dr,89,1.1641,0.5409,0.1233,10.1813,42.919,8.0,0
aggressive_dr,90,1.033,0.5068,0.0507,9.6804,44.818,8.0,1
aggressive_dr,91,1.3395,0.4366,0.0586,10.2436,43.579,8.0,0
aggressive_dr,92,0.6504,0.558,0.0281,10.6307,46.891,8.0,0
aggressive_dr,93,1.102,0.4852,0.1095,9.1732,44.898,8.0,1
aggressive_dr,94,1.0314,0.4267,0.2615,10.5232,45.452,8.0,1
aggressive_dr,95,0.8097,0.4219,0.1311,10.7871,46.944,8.0,0
aggressive_dr,96,1.2333,0.5189,0.2383,10.3699,43.116,8.0,0
aggressive_dr,97,1.3217,0.5133,0.0895,8.9682,43.48,8.0,0
aggressive_dr,98,0.6025,0.4008,0.2268,9.3642,48.273,8.0,0
aggressive_dr,99,0.9076,0.4755,0.2389,9.6117,46.586,8.0,1
aggressive_dr,100,0.6166,0.4436,0.1803,9.6072,48.154,8.0,0
aggressive_dr,101,0.9481,0.5515,0.2912,9.2332,45.23,8.0,1
aggressive_dr,102,1.2146,0.5399,0.0919,9.7896,42.593,8.0,0
aggressive_dr,103,1.1271,0.4595,0.2888,9.5645,45.036,8.0,1
aggressive_dr,104,1.2752,0.4827,0.2822,9.2789,44.395,8.0,1
aggressive_dr,105,1.1654,0.5295,0.0969,10.2642,42.726,8.0,0
aggressive_dr,106,1.0054,0.5831,0.1797,10.0495,43.681,8.0,0
aggressive_dr,107,0.7106,0.4407,0.2565,10.5639,46.868,8.0,0
aggressive_dr,108,1.0531,0.5092,0.1462,10.205,44.095,8.0,1
aggressive_dr,109,0.713,0.5979,0.1311,9.2605,46.236,8.0,1
aggressive_dr,110,0.928,0.4408,0.1142,9.1937,46.596,8.0,0
aggressive_dr,111,0.6982,0.5678,0.1572,10.2604,46.743,8.0,1
aggressive_dr,112,0.967,0.4426,0.2073,10.5974,45.605,8.0,1
aggressive_dr,113,0.9301,0.5571,0.1704,10.3172,43.735,8.0,1
aggressive_dr,114,1.0865,0.4217,0.1772,10.1745,46.204,8.0,1
aggressive_dr,115,1.0756,0.5803,0.2146,9.0423,43.86,8.0,1
aggressive_dr,116,1.1184,0.5179,0.2065,9.8997,43.908,8.0,1
aggressive_dr,117,0.9147,0.4987,0.0799,9.7771,45.748,8.0,1
aggressive_dr,118,0.8017,0.5371,0.1336,9.3751,45.861,8.0,1
aggressive_dr,119,0.9067,0.4669,0.1483,8.8704,46.657,8.0,0
aggressive_dr,120,0.6508,0.4492,0.2338,9.1768,47.835,8.0,0
aggressive_dr,121,1.1389,0.5559,0.1457,10.2743,43.603,8.0,0
aggressive_dr,122,1.0958,0.5594,0.032,10.1,42.574,8.0,0
aggressive_dr,123,0.9343,0.4361,0.1696,10.6076,46.416,8.0,1
aggressive_dr,124,1.2346,0.5882,0.1388,10.5229,41.427,8.0,0
aggressive_dr,125,0.7275,0.4545,0.1667,9.3914,47.975,8.0,0
aggressive_dr,126,1.3591,0.5958,0.2428,9.2433,42.278,8.0,0
aggressive_dr,127,0.9162,0.5299,0.1785,9.2874,45.183,8.0,1
aggressive_dr,128,1.1268,0.4976,0.2753,8.9635,45.01,8.0,1
aggressive_dr,129,0.7097,0.4468,0.0942,10.7706,47.199,8.0,0
aggressive_dr,130,0.6983,0.5639,0.19,10.46,45.773,8.0,1
aggressive_dr,131,0.6538,0.5619,0.1094,10.484,46.571,8.0,0
aggressive_dr,132,1.324,0.5608,0.2805,10.1064,41.12,8.0,0
aggressive_dr,133,1.1892,0.5338,0.2057,9.222,43.996,8.0,1
aggressive_dr,134,0.7127,0.4472,0.2548,10.1234,46.765,8.0,0
aggressive_dr,135,1.3612,0.4642,0.1369,9.3839,43.568,8.0,0
aggressive_dr,136,1.1446,0.4018,0.2412,10.4013,44.696,8.0,1
aggressive_dr,137,1.3845,0.5359,0.0368,9.1458,42.532,8.0,0
aggressive_dr,138,1.2968,0.4469,0.0354,9.3793,43.678,8.0,1
aggressive_dr,139,0.878,0.5232,0.1587,8.8733,46.442,8.0,1
aggressive_dr,140,0.6109,0.4047,0.1054,9.2443,49.237,8.0,0
aggressive_dr,141,1.2712,0.5746,0.1022,10.5088,41.36,8.0,0
aggressive_dr,142,1.0149,0.5071,0.0317,10.5678,44.528,8.0,1
aggressive_dr,143,0.9011,0.4671,0.1648,9.9154,46.096,8.0,1
aggressive_dr,144,1.2305,0.5573,0.1161,10.0788,42.387,8.0,0
aggressive_dr,145,1.2309,0.4061,0.136,10.59,44.962,8.0,1
aggressive_dr,146,1.2464,0.5073,0.1081,9.7196,43.323,8.0,0
aggressive_dr,147,0.7356,0.5079,0.2081,9.3435,46.546,8.0,0
aggressive_dr,148,0.7391,0.4288,0.1809,9.8451,46.959,8.0,0
aggressive_dr,149,1.0391,0.5626,0.0849,8.912,44.747,8.0,1
aggressive_dr,150,0.7685,0.4991,0.0914,9.2183,46.396,8.0,0
aggressive_dr,151,1.3364,0.5809,0.0771,9.3179,42.64,8.0,0
aggressive_dr,152,0.6277,0.4851,0.1681,9.2319,47.521,8.0,0
aggressive_dr,153,0.667,0.4195,0.1924,10.092,46.918,8.0,0
aggressive_dr,154,0.6679,0.4161,0.2699,10.2605,48.307,8.0,0
aggressive_dr,155,1.0008,0.4875,0.076,9.2387,46.443,8.0,1
aggressive_dr,156,0.8138,0.5489,0.1977,9.1685,46.359,8.0,1
aggressive_dr,157,0.8367,0.518,0.2571,9.658,46.811,8.0,1
aggressive_dr,158,0.6202,0.5989,0.0896,10.3272,47.184,8.0,0
aggressive_dr,159,1.3573,0.5891,0.1693,10.3405,40.257,8.0,0
aggressive_dr,160,1.3799,0.5304,0.0704,9.1747,43.057,8.0,0
aggressive_dr,161,0.7967,0.5101,0.2225,10.0663,45.457,8.0,0
aggressive_dr,162,0.6437,0.4081,0.1672,10.4018,48.186,8.0,0
aggressive_dr,163,0.8909,0.5035,0.1922,9.5247,45.515,8.0,1
aggressive_dr,164,1.1243,0.5151,0.1378,9.5602,43.502,8.0,1
aggressive_dr,165,0.6112,0.5009,0.1323,9.8529,47.111,8.0,0
aggressive_dr,166,1.2368,0.4988,0.1485,9.8634,43.64,8.0,0
aggressive_dr,167,0.6559,0.5107,0.1729,10.7262,46.969,8.0,0
aggressive_dr,168,1.3207,0.5848,0.0425,10.4253,41.214,8.0,0
aggressive_dr,169,1.1715,0.5221,0.0616,8.9572,44.127,8.0,1
aggressive_dr,170,0.915,0.4509,0.1121,10.0075,45.906,8.0,1
aggressive_dr,171,0.9151,0.4616,0.2099,9.2962,46.899,8.0,0
aggressive_dr,172,1.0082,0.5721,0.0879,10.2945,43.919,8.0,1
aggressive_dr,173,0.7681,0.4398,0.0603,9.0007,46.901,8.0,0
aggressive_dr,174,1.0953,0.5368,0.1143,10.6777,43.272,8.0,0
aggressive_dr,175,1.09,0.5596,0.2634,10.0833,43.56,8.0,0
aggressive_dr,176,0.8448,0.5348,0.2718,9.1137,45.844,8.0,1
aggressive_dr,177,1.3989,0.4262,0.0304,9.5701,43.927,8.0,1
aggressive_dr,178,1.1412,0.4076,0.2331,10.1654,45.439,8.0,1
aggressive_dr,179,0.6368,0.4786,0.0572,9.2488,47.507,8.0,0
aggressive_dr,180,1.1506,0.4287,0.2993,9.4215,45.361,8.0,1
aggressive_dr,181,0.8117,0.5361,0.1906,10.1763,45.264,8.0,1
aggressive_dr,182,0.687,0.5665,0.1208,9.0557,47.237,8.0,0
aggressive_dr,183,0.9209,0.5467,0.1687,10.3474,44.689,8.0,1
aggressive_dr,184,0.6839,0.4913,0.1796,10.776,46.693,8.0,0
aggressive_dr,185,0.9546,0.4166,0.0506,10.5837,45.818,8.0,1
aggressive_dr,186,0.6392,0.5607,0.2881,8.9122,47.8,8.0,0
aggressive_dr,187,1.3674,0.4412,0.2072,9.1766,44.018,8.0,1
aggressive_dr,188,0.7268,0.4023,0.1825,10.173,47.7,8.0,0
aggressive_dr,189,0.8838,0.4899,0.189,9.7048,45.98,8.0,1
aggressive_dr,190,1.1439,0.4719,0.2298,10.5625,43.721,8.0,1
aggressive_dr,191,1.1118,0.4541,0.1991,9.5585,45.344,8.0,1
aggressive_dr,192,0.7564,0.5384,0.0643,9.4604,47.361,8.0,0
aggressive_dr,193,0.7878,0.5524,0.2276,9.6376,45.864,8.0,1
aggressive_dr,194,1.2237,0.4168,0.0862,9.6827,45.052,8.0,1
aggressive_dr,195,0.979,0.5133,0.2448,9.4679,45.014,8.0,1
aggressive_dr,196,0.9134,0.5044,0.0458,9.4584,46.17,8.0,1
aggressive_dr,197,0.8788,0.4916,0.2003,9.6536,46.224,8.0,1
aggressive_dr,198,1.2393,0.4296,0.1436,10.5751,43.364,8.0,1
aggressive_dr,199,0.7397,0.548,0.2449,9.0013,47.14,8.0,0
