t,truth_theta,meas_theta,fit_theta
0.0,0.0,0.001317,0.0
0.02,5.1e-05,-0.001332,5.1e-05
0.04,0.000205,0.006912,0.000205
0.06,0.000515,0.001614,0.000515
0.08,0.001034,-0.004576,0.001034
0.1,0.001812,0.005599,0.001812
0.12,0.0029,0.016556,0.0029
0.14,0.004345,0.014262,0.004343
0.16,0.006188,-0.001182,0.006186
0.18,0.008469,-0.004783,0.008466
0.2,0.01122,0.004693,0.011216
0.22,0.014466,0.014899,0.01446
0.24,0.018225,-0.006122,0.018217
0.26,0.022507,0.020215,0.022496
0.28,0.027308,0.014261,0.027294
0.3,0.032619,0.024951,0.032601
0.32,0.038414,0.032714,0.038391
0.34,0.044658,0.041345,0.04463
0.36,0.051301,0.055612,0.051267
0.38,0.058282,0.069199,0.058241
0.4,0.065525,0.064179,0.065476
0.42,0.07294,0.08725,0.072883
0.44,0.080428,0.073462,0.080361
0.46,0.087874,0.091555,0.087797
0.48,0.095155,0.104616,0.095068
0.5,0.102137,0.103122,0.102039
0.52,0.108682,0.100896,0.108573
0.54,0.114643,0.104991,0.114523
0.56,0.119876,0.115082,0.119744
0.58,0.124233,0.126539,0.12409
0.6,0.127575,0.117002,0.127421
0.62,0.129769,0.127579,0.129605
0.64,0.130695,0.129028,0.130522
0.66,0.130249,0.135913,0.130068
0.68,0.128349,0.130597,0.128161
0.7,0.124934,0.128655,0.124741
0.72,0.119972,0.113126,0.119777
0.74,0.113464,0.112107,0.113268
0.76,0.105441,0.11365,0.105247
0.78,0.095969,0.111608,0.095779
0.8,0.085151,0.071966,0.084969
0.82,0.073123,0.088977,0.072952
0.84,0.060057,0.074151,0.059899
0.86,0.046153,0.054335,0.046011
0.88,0.031637,0.034407,0.031515
0.9,0.016758,0.013471,0.016659
0.92,0.001778,0.017046,0.001704
0.94,-0.013036,0.007491,-0.013081
0.96,-0.027418,-0.008551,-0.027432
0.98,-0.041112,-0.027341,-0.041094
1.0,-0.053884,-0.050142,-0.053831
1.02,-0.065527,-0.07818,-0.065438
1.04,-0.075871,-0.075918,-0.075745
1.06,-0.084791,-0.077916,-0.084628
1.08,-0.092209,-0.1057,-0.092009
1.1,-0.098098,-0.093961,-0.097862
1.12,-0.102486,-0.097985,-0.102215
1.14,-0.10545,-0.098161,-0.105144
1.16,-0.107111,-0.119511,-0.106774
1.18,-0.107631,-0.114561,-0.107266
1.2,-0.107201,-0.111772,-0.106809
1.22,-0.106028,-0.118279,-0.105613
1.24,-0.104324,-0.086109,-0.103889
1.26,-0.10229,-0.107483,-0.101839
1.28,-0.100106,-0.096661,-0.099643
1.3,-0.097915,-0.100623,-0.097444
1.32,-0.095815,-0.079233,-0.09534
1.34,-0.093852,-0.080025,-0.093375
1.36,-0.092011,-0.085379,-0.091537
1.38,-0.090226,-0.113301,-0.089758
1.4,-0.088376,-0.087832,-0.087919
1.42,-0.086302,-0.079143,-0.085858
1.44,-0.083815,-0.073302,-0.083388
1.46,-0.080715,-0.087186,-0.080308
1.48,-0.076812,-0.057732,-0.076428
1.5,-0.071942,-0.085769,-0.071584
1.52,-0.065986,-0.072913,-0.065658
1.54,-0.058887,-0.049095,-0.058591
1.56,-0.050661,-0.050148,-0.050401
1.58,-0.041401,-0.020432,-0.041178
1.6,-0.031275,-0.029301,-0.031093
1.62,-0.020521,-0.027152,-0.020382
1.64,-0.009427,-0.013381,-0.009334
1.66,0.001684,-0.009742,0.001731
1.68,0.012486,-0.000894,0.012483
1.7,0.022671,0.029272,0.022618
1.72,0.031977,0.038063,0.031874
1.74,0.040214,0.05377,0.040059
1.76,0.047274,0.039372,0.047069
1.78,0.053146,0.070834,0.052891
1.8,0.05791,0.0549,0.057607
1.82,0.061728,0.078215,0.061378
1.84,0.064821,0.060289,0.064428
1.86,0.067444,0.059742,0.06701
1.88,0.069851,0.072466,0.069378
1.9,0.072259,0.08306,0.071752
1.92,0.074823,0.076509,0.074285
1.94,0.077609,0.071477,0.077044
1.96,0.080583,0.066538,0.079995
1.98,0.083611,0.068934,0.083004
2.0,0.086474,0.091738,0.085851
2.02,0.088892,0.099256,0.088258
2.04,0.090564,0.088843,0.089923
2.06,0.091205,0.079954,0.090562
2.08,0.090591,0.099733,0.08995
2.1,0.08859,0.075182,0.087956
2.12,0.08519,0.077723,0.084567
2.14,0.0805,0.087004,0.079894
2.16,0.074747,0.051184,0.074162
2.18,0.068245,0.072291,0.067685
2.2,0.061353,0.055262,0.060824
2.22,0.05443,0.055574,0.053936
2.24,0.047781,0.046989,0.047327
2.26,0.041617,0.043734,0.041206
2.28,0.036021,0.043291,0.035658
2.3,0.030944,0.023003,0.03063
2.32,0.026215,0.041096,0.025953
2.34,0.021575,0.029178,0.021367
2.36,0.016727,0.025563,0.016576
2.38,0.011399,0.023598,0.011305
2.4,0.005394,0.013642,0.005357
2.42,-0.001361,0.007478,-0.001339
2.44,-0.008791,-0.008,-0.008711
2.46,-0.016679,-0.03162,-0.01654
2.48,-0.02469,-0.026105,-0.024493
2.5,-0.03243,-0.040489,-0.032175
2.52,-0.039508,-0.054407,-0.039197
2.54,-0.045605,-0.042899,-0.04524
2.56,-0.050534,-0.056488,-0.050116
2.58,-0.054268,-0.065052,-0.0538
2.6,-0.056946,-0.067868,-0.056432
2.62,-0.058843,-0.056032,-0.058287
2.64,-0.060306,-0.05655,-0.059712
2.66,-0.061684,-0.047835,-0.061056
2.68,-0.063246,-0.063391,-0.062588
2.7,-0.065121,-0.054211,-0.064439
2.72,-0.067265,-0.052581,-0.066564
2.74,-0.069467,-0.057423,-0.068751
2.76,-0.07139,-0.096159,-0.070664
2.78,-0.072647,-0.05978,-0.071917
2.8,-0.072889,-0.069333,-0.072159
2.82,-0.071888,-0.06745,-0.071163
2.84,-0.069594,-0.065706,-0.06888
2.86,-0.066155,-0.062147,-0.065457
2.88,-0.061889,-0.058544,-0.061213
2.9,-0.057213,-0.060971,-0.056563
2.92,-0.052548,-0.072462,-0.051929
2.94,-0.048223,-0.049364,-0.047641
2.96,-0.044397,-0.052813,-0.043856
2.98,-0.041021,-0.029709,-0.040525
3.0,-0.037859,-0.040883,-0.037411
3.02,-0.034553,-0.033678,-0.034157
3.04,-0.030725,-0.039622,-0.030383
3.06,-0.026086,-0.031434,-0.025802
3.08,-0.020529,-0.02065,-0.020303
3.1,-0.014165,-0.02972,-0.014
3.12,-0.007313,-0.004164,-0.007209
3.14,-0.000418,-0.001529,-0.000378
3.16,0.006053,-0.006364,0.006029
3.18,0.011741,-0.013373,0.011653
3.2,0.016485,0.021858,0.016333
3.22,0.020362,0.017246,0.020148
3.24,0.023659,0.018109,0.023384
3.26,0.026781,0.024308,0.026447
3.28,0.030121,0.049143,0.029731
3.3,0.033932,0.033411,0.033489
3.32,0.038241,0.039148,0.037747
3.34,0.042826,0.027254,0.042286
3.36,0.047279,0.06453,0.046695
3.38,0.051121,0.060729,0.050499
3.4,0.053955,0.065128,0.053298
3.42,0.055585,0.056084,0.054897
3.44,0.056081,0.065681,0.055369
3.46,0.055759,0.059644,0.055027
3.48,0.055075,0.061496,0.054328
3.5,0.054472,0.052878,0.053716
3.52,0.054233,0.038798,0.053474
3.54,0.05438,0.065154,0.053623
3.56,0.054665,0.034402,0.053916
3.58,0.054657,0.052144,0.053921
3.6,0.053895,0.051753,0.053177
3.62,0.052056,0.041135,0.051361
3.64,0.04908,0.055501,0.048413
3.66,0.045203,0.043105,0.044568
3.68,0.040878,0.036303,0.040281
3.7,0.036624,0.042068,0.036069
3.72,0.032837,0.027847,0.032329
3.74,0.029652,0.044197,0.029194
3.76,0.026896,0.030577,0.026491
3.78,0.024164,0.019197,0.023815
3.8,0.020982,0.000621,0.02069
3.82,0.017003,0.003309,0.016772
3.84,0.012162,0.023544,0.011993
3.86,0.006713,0.006183,0.006606
3.88,0.001145,-0.00182,0.001102
3.9,-0.004,0.013208,-0.003979
3.92,-0.008338,-0.02177,-0.008253
3.94,-0.01179,-0.017923,-0.011641
3.96,-0.014607,-0.019556,-0.014396
3.98,-0.017258,-0.011117,-0.016986
